Campaign_ID,Customer_ID,Campaign,Channel,Opened,Clicked,Converted
CMP000001,CUST045948,Great Indian Festival,Push,1,0,1
CMP000002,CUST025997,Diwali Sale,SMS,1,1,0
CMP000003,CUST007535,Diwali Sale,Push,0,1,1
CMP000004,CUST008338,Prime Day,SMS,0,1,1
CMP000005,CUST009215,Diwali Sale,SMS,0,0,1
CMP000006,CUST003999,Diwali Sale,Email,0,0,0
CMP000007,CUST008801,Prime Day,SMS,1,1,1
CMP000008,CUST031593,Prime Day,SMS,0,0,0
CMP000009,CUST027015,Diwali Sale,Push,1,0,1
CMP000010,CUST011296,Prime Day,Push,0,0,1
CMP000011,CUST018218,Diwali Sale,Push,1,1,0
CMP000012,CUST017060,Great Indian Festival,Email,1,1,1
CMP000013,CUST020472,Great Indian Festival,Push,1,1,0
CMP000014,CUST035522,Diwali Sale,SMS,1,0,1
CMP000015,CUST012648,Diwali Sale,Email,1,0,1
CMP000016,CUST027294,Great Indian Festival,Email,1,1,1
CMP000017,CUST046151,Prime Day,Push,0,0,0
CMP000018,CUST045309,Prime Day,SMS,0,1,0
CMP000019,CUST007575,Diwali Sale,Email,1,0,1
CMP000020,CUST028706,Diwali Sale,SMS,1,0,0
CMP000021,CUST045384,Great Indian Festival,Email,0,0,0
CMP000022,CUST004220,Great Indian Festival,Email,1,1,1
CMP000023,CUST023319,Great Indian Festival,Push,1,1,1
CMP000024,CUST011185,Great Indian Festival,Email,1,0,0
CMP000025,CUST031202,Prime Day,Email,1,0,0
CMP000026,CUST008516,Prime Day,SMS,1,0,0
CMP000027,CUST017805,Great Indian Festival,Email,0,1,0
CMP000028,CUST039461,Prime Day,Email,0,1,1
CMP000029,CUST027685,Prime Day,Push,0,0,1
CMP000030,CUST002094,Diwali Sale,SMS,1,1,0
CMP000031,CUST011071,Great Indian Festival,Email,0,1,0
CMP000032,CUST039234,Diwali Sale,Email,1,0,0
CMP000033,CUST033557,Diwali Sale,SMS,1,1,0
CMP000034,CUST038180,Prime Day,Email,1,1,1
CMP000035,CUST024520,Great Indian Festival,Push,1,1,1
CMP000036,CUST040912,Prime Day,Push,1,1,1
CMP000037,CUST012129,Prime Day,Push,0,1,0
CMP000038,CUST024120,Great Indian Festival,Email,1,1,1
CMP000039,CUST040203,Prime Day,SMS,1,1,0
CMP000040,CUST033309,Great Indian Festival,SMS,0,0,0
CMP000041,CUST044367,Diwali Sale,Push,0,1,1
CMP000042,CUST029444,Great Indian Festival,Push,0,1,1
CMP000043,CUST008706,Diwali Sale,Push,0,0,1
CMP000044,CUST042111,Great Indian Festival,Email,0,1,0
CMP000045,CUST000220,Prime Day,SMS,0,1,0
CMP000046,CUST045812,Prime Day,Push,0,0,0
CMP000047,CUST005875,Prime Day,SMS,0,1,0
CMP000048,CUST045651,Prime Day,Push,0,0,0
CMP000049,CUST045173,Prime Day,Push,0,0,0
CMP000050,CUST046380,Great Indian Festival,Email,1,0,1
CMP000051,CUST008711,Great Indian Festival,Push,0,0,0
CMP000052,CUST021018,Prime Day,Push,0,0,0
CMP000053,CUST045213,Great Indian Festival,Push,1,1,0
CMP000054,CUST046370,Prime Day,Push,1,1,0
CMP000055,CUST020763,Prime Day,Email,1,1,1
CMP000056,CUST018623,Diwali Sale,SMS,1,0,1
CMP000057,CUST048446,Diwali Sale,Push,0,0,0
CMP000058,CUST017504,Great Indian Festival,SMS,1,1,1
CMP000059,CUST031616,Great Indian Festival,Email,1,0,1
CMP000060,CUST049936,Great Indian Festival,SMS,1,1,1
CMP000061,CUST017891,Great Indian Festival,SMS,0,1,0
CMP000062,CUST014273,Diwali Sale,Push,1,0,0
CMP000063,CUST030165,Diwali Sale,Push,0,1,1
CMP000064,CUST030579,Diwali Sale,Push,0,0,0
CMP000065,CUST008866,Diwali Sale,Push,0,1,1
CMP000066,CUST025840,Diwali Sale,SMS,1,1,1
CMP000067,CUST035774,Prime Day,SMS,0,1,0
CMP000068,CUST032567,Great Indian Festival,Push,1,0,0
CMP000069,CUST031157,Great Indian Festival,SMS,0,0,1
CMP000070,CUST012194,Prime Day,SMS,1,1,0
CMP000071,CUST029418,Great Indian Festival,Push,0,0,0
CMP000072,CUST047659,Diwali Sale,Email,1,0,1
CMP000073,CUST042229,Prime Day,SMS,1,0,1
CMP000074,CUST038719,Great Indian Festival,Push,1,0,1
CMP000075,CUST022456,Prime Day,Email,0,0,1
CMP000076,CUST024621,Prime Day,SMS,1,0,1
CMP000077,CUST006254,Diwali Sale,SMS,1,1,1
CMP000078,CUST036016,Great Indian Festival,Email,1,1,1
CMP000079,CUST041416,Prime Day,Email,0,1,1
CMP000080,CUST031138,Diwali Sale,SMS,1,0,1
CMP000081,CUST021053,Great Indian Festival,Push,1,1,1
CMP000082,CUST007517,Diwali Sale,Email,0,1,1
CMP000083,CUST032172,Prime Day,SMS,0,0,0
CMP000084,CUST022634,Diwali Sale,Push,0,1,1
CMP000085,CUST026636,Prime Day,Email,0,1,1
CMP000086,CUST039516,Diwali Sale,Email,1,1,0
CMP000087,CUST018310,Diwali Sale,Email,0,1,1
CMP000088,CUST045482,Great Indian Festival,Email,1,0,0
CMP000089,CUST030140,Great Indian Festival,Push,1,1,0
CMP000090,CUST033830,Diwali Sale,Email,1,1,1
CMP000091,CUST023338,Prime Day,SMS,1,0,0
CMP000092,CUST046428,Diwali Sale,Push,1,0,1
CMP000093,CUST005903,Great Indian Festival,Push,0,0,0
CMP000094,CUST045559,Prime Day,Push,1,1,0
CMP000095,CUST018729,Prime Day,Push,0,1,0
CMP000096,CUST004985,Diwali Sale,SMS,0,0,0
CMP000097,CUST045028,Diwali Sale,SMS,1,0,0
CMP000098,CUST008483,Prime Day,Email,0,1,0
CMP000099,CUST019799,Diwali Sale,Push,0,1,1
CMP000100,CUST012398,Great Indian Festival,Push,0,0,0
CMP000101,CUST025592,Prime Day,Email,0,1,1
CMP000102,CUST032452,Diwali Sale,Push,0,0,1
CMP000103,CUST030972,Diwali Sale,Push,0,1,0
CMP000104,CUST016564,Prime Day,SMS,1,0,0
CMP000105,CUST040735,Diwali Sale,Push,1,1,0
CMP000106,CUST003251,Diwali Sale,Email,0,1,1
CMP000107,CUST030072,Diwali Sale,SMS,1,0,0
CMP000108,CUST014447,Prime Day,Push,0,1,1
CMP000109,CUST019348,Prime Day,Push,1,0,1
CMP000110,CUST041255,Prime Day,Push,0,0,1
CMP000111,CUST039601,Great Indian Festival,Push,1,1,1
CMP000112,CUST017329,Great Indian Festival,Email,1,1,1
CMP000113,CUST014227,Diwali Sale,Push,1,0,1
CMP000114,CUST013789,Diwali Sale,SMS,0,0,1
CMP000115,CUST020988,Diwali Sale,SMS,1,1,0
CMP000116,CUST045633,Diwali Sale,SMS,1,1,1
CMP000117,CUST033887,Diwali Sale,SMS,1,0,0
CMP000118,CUST004065,Great Indian Festival,SMS,0,1,0
CMP000119,CUST049035,Great Indian Festival,Push,0,1,1
CMP000120,CUST046374,Diwali Sale,Push,1,0,1
CMP000121,CUST014089,Prime Day,SMS,1,0,1
CMP000122,CUST023859,Great Indian Festival,Push,0,1,0
CMP000123,CUST039326,Great Indian Festival,Push,1,0,1
CMP000124,CUST048296,Prime Day,Push,1,1,0
CMP000125,CUST006058,Prime Day,Push,0,1,1
CMP000126,CUST013519,Prime Day,SMS,0,0,1
CMP000127,CUST010475,Prime Day,Email,0,0,0
CMP000128,CUST049028,Great Indian Festival,SMS,0,1,0
CMP000129,CUST027522,Prime Day,Push,0,0,0
CMP000130,CUST009399,Great Indian Festival,Email,1,0,0
CMP000131,CUST033150,Great Indian Festival,Email,1,1,0
CMP000132,CUST031301,Diwali Sale,Email,1,1,0
CMP000133,CUST017023,Great Indian Festival,SMS,1,0,0
CMP000134,CUST034324,Prime Day,Push,1,1,0
CMP000135,CUST002825,Great Indian Festival,Email,1,1,0
CMP000136,CUST041925,Great Indian Festival,Push,0,1,0
CMP000137,CUST030783,Diwali Sale,Push,1,0,0
CMP000138,CUST043867,Great Indian Festival,Email,1,0,0
CMP000139,CUST011265,Great Indian Festival,SMS,0,1,0
CMP000140,CUST005416,Diwali Sale,Push,1,1,1
CMP000141,CUST011288,Diwali Sale,Push,1,1,0
CMP000142,CUST026413,Diwali Sale,Push,1,1,0
CMP000143,CUST010669,Great Indian Festival,Push,1,1,1
CMP000144,CUST004301,Prime Day,Email,1,0,1
CMP000145,CUST003832,Prime Day,SMS,1,1,0
CMP000146,CUST034664,Great Indian Festival,Push,1,1,1
CMP000147,CUST024987,Prime Day,SMS,0,1,1
CMP000148,CUST045595,Great Indian Festival,SMS,1,1,0
CMP000149,CUST003265,Prime Day,Push,1,0,0
CMP000150,CUST032450,Diwali Sale,SMS,1,1,0
CMP000151,CUST048131,Diwali Sale,SMS,0,0,1
CMP000152,CUST029311,Diwali Sale,Push,1,1,0
CMP000153,CUST010785,Prime Day,SMS,0,0,1
CMP000154,CUST017948,Prime Day,Email,0,1,1
CMP000155,CUST029106,Prime Day,Email,0,1,0
CMP000156,CUST017829,Diwali Sale,SMS,0,0,1
CMP000157,CUST018027,Diwali Sale,Push,0,0,1
CMP000158,CUST046293,Diwali Sale,SMS,1,1,1
CMP000159,CUST007322,Great Indian Festival,SMS,1,1,1
CMP000160,CUST049714,Prime Day,SMS,1,0,1
CMP000161,CUST013645,Prime Day,Push,1,0,0
CMP000162,CUST006983,Prime Day,Push,0,1,1
CMP000163,CUST032375,Diwali Sale,Push,1,0,1
CMP000164,CUST004295,Great Indian Festival,Email,1,1,0
CMP000165,CUST040280,Diwali Sale,Email,1,1,1
CMP000166,CUST037688,Great Indian Festival,SMS,1,1,1
CMP000167,CUST046692,Prime Day,Email,1,0,0
CMP000168,CUST000080,Great Indian Festival,SMS,0,1,1
CMP000169,CUST046840,Great Indian Festival,Email,0,1,0
CMP000170,CUST020472,Great Indian Festival,Push,0,1,0
CMP000171,CUST005068,Prime Day,Email,1,1,1
CMP000172,CUST048203,Prime Day,Email,1,0,1
CMP000173,CUST048777,Great Indian Festival,SMS,1,1,1
CMP000174,CUST048892,Diwali Sale,Push,0,0,0
CMP000175,CUST018530,Diwali Sale,SMS,1,1,1
CMP000176,CUST043047,Prime Day,SMS,0,0,1
CMP000177,CUST004319,Great Indian Festival,SMS,0,0,1
CMP000178,CUST014103,Prime Day,SMS,1,0,1
CMP000179,CUST023555,Great Indian Festival,SMS,0,0,0
CMP000180,CUST029617,Diwali Sale,Push,0,0,1
CMP000181,CUST036932,Diwali Sale,SMS,1,1,1
CMP000182,CUST031172,Prime Day,Push,0,0,1
CMP000183,CUST034830,Great Indian Festival,Email,0,1,0
CMP000184,CUST035513,Great Indian Festival,SMS,0,1,1
CMP000185,CUST039625,Diwali Sale,Push,0,1,1
CMP000186,CUST032421,Prime Day,Push,1,0,0
CMP000187,CUST018239,Great Indian Festival,Push,0,1,1
CMP000188,CUST013763,Prime Day,Email,0,1,0
CMP000189,CUST042823,Great Indian Festival,Push,0,1,0
CMP000190,CUST027080,Prime Day,Email,0,1,0
CMP000191,CUST012149,Great Indian Festival,SMS,1,0,1
CMP000192,CUST011826,Diwali Sale,Email,0,1,1
CMP000193,CUST044939,Great Indian Festival,Email,0,1,1
CMP000194,CUST017937,Great Indian Festival,SMS,1,1,1
CMP000195,CUST000531,Great Indian Festival,SMS,0,1,0
CMP000196,CUST029133,Diwali Sale,Email,0,1,1
CMP000197,CUST033499,Great Indian Festival,SMS,1,1,0
CMP000198,CUST027467,Great Indian Festival,Email,0,0,1
CMP000199,CUST045876,Prime Day,SMS,1,0,1
CMP000200,CUST039770,Great Indian Festival,SMS,1,0,1
CMP000201,CUST038606,Great Indian Festival,SMS,1,1,1
CMP000202,CUST048393,Diwali Sale,Email,0,0,1
CMP000203,CUST021797,Great Indian Festival,Push,1,1,0
CMP000204,CUST011549,Prime Day,Push,1,0,0
CMP000205,CUST027814,Prime Day,SMS,1,0,0
CMP000206,CUST014015,Prime Day,Email,1,0,0
CMP000207,CUST024033,Diwali Sale,SMS,0,0,0
CMP000208,CUST008963,Great Indian Festival,SMS,1,0,1
CMP000209,CUST044781,Prime Day,SMS,1,1,1
CMP000210,CUST033404,Prime Day,SMS,1,1,0
CMP000211,CUST043530,Great Indian Festival,Push,1,0,1
CMP000212,CUST020614,Great Indian Festival,Email,0,1,0
CMP000213,CUST006153,Great Indian Festival,SMS,0,1,0
CMP000214,CUST036057,Prime Day,SMS,0,0,1
CMP000215,CUST002778,Diwali Sale,SMS,1,1,0
CMP000216,CUST031359,Diwali Sale,Email,1,0,0
CMP000217,CUST037005,Great Indian Festival,Email,1,1,0
CMP000218,CUST025904,Great Indian Festival,Push,0,0,1
CMP000219,CUST023463,Diwali Sale,Push,1,0,1
CMP000220,CUST030565,Diwali Sale,SMS,0,1,1
CMP000221,CUST021044,Diwali Sale,Email,0,0,0
CMP000222,CUST036622,Great Indian Festival,Push,1,0,1
CMP000223,CUST005774,Great Indian Festival,SMS,0,1,1
CMP000224,CUST017351,Diwali Sale,Email,0,1,1
CMP000225,CUST002543,Prime Day,Push,1,1,0
CMP000226,CUST001589,Diwali Sale,Push,0,1,1
CMP000227,CUST024589,Great Indian Festival,Push,0,1,0
CMP000228,CUST046835,Prime Day,Email,1,1,1
CMP000229,CUST006963,Prime Day,Push,0,1,0
CMP000230,CUST020518,Prime Day,Push,1,1,1
CMP000231,CUST027815,Diwali Sale,Push,0,0,1
CMP000232,CUST000027,Great Indian Festival,SMS,0,1,1
CMP000233,CUST033308,Great Indian Festival,Push,0,0,0
CMP000234,CUST030832,Great Indian Festival,SMS,0,0,0
CMP000235,CUST030920,Prime Day,Email,0,1,1
CMP000236,CUST045107,Great Indian Festival,Email,1,0,1
CMP000237,CUST002803,Great Indian Festival,SMS,1,1,1
CMP000238,CUST013037,Great Indian Festival,Push,0,0,1
CMP000239,CUST003458,Prime Day,Email,0,1,1
CMP000240,CUST031630,Great Indian Festival,Push,1,0,0
CMP000241,CUST000268,Diwali Sale,SMS,0,0,1
CMP000242,CUST022643,Diwali Sale,SMS,1,0,0
CMP000243,CUST024420,Diwali Sale,SMS,1,1,1
CMP000244,CUST029725,Prime Day,Push,0,0,0
CMP000245,CUST016195,Prime Day,Push,1,1,1
CMP000246,CUST001927,Prime Day,Email,0,1,1
CMP000247,CUST014475,Diwali Sale,Email,0,1,1
CMP000248,CUST010651,Great Indian Festival,Email,1,1,0
CMP000249,CUST027623,Diwali Sale,Email,1,0,0
CMP000250,CUST048945,Great Indian Festival,Push,1,0,0
CMP000251,CUST024982,Diwali Sale,Email,1,1,0
CMP000252,CUST013999,Great Indian Festival,SMS,1,0,0
CMP000253,CUST032794,Diwali Sale,SMS,1,0,0
CMP000254,CUST049901,Great Indian Festival,Push,0,1,0
CMP000255,CUST033748,Prime Day,Push,1,1,1
CMP000256,CUST031265,Prime Day,Email,1,1,1
CMP000257,CUST010327,Prime Day,SMS,1,1,1
CMP000258,CUST005829,Prime Day,Email,0,1,1
CMP000259,CUST026246,Great Indian Festival,Email,1,1,1
CMP000260,CUST007611,Diwali Sale,SMS,1,0,0
CMP000261,CUST012571,Prime Day,Push,1,0,0
CMP000262,CUST044833,Diwali Sale,Push,1,0,0
CMP000263,CUST004321,Great Indian Festival,Email,1,1,0
CMP000264,CUST004775,Great Indian Festival,SMS,1,1,1
CMP000265,CUST001036,Diwali Sale,SMS,0,0,1
CMP000266,CUST015786,Diwali Sale,Email,0,0,1
CMP000267,CUST048299,Great Indian Festival,Push,1,1,0
CMP000268,CUST039866,Prime Day,SMS,1,0,0
CMP000269,CUST032683,Great Indian Festival,Email,0,1,0
CMP000270,CUST006254,Prime Day,Push,1,1,1
CMP000271,CUST044417,Great Indian Festival,Push,1,0,0
CMP000272,CUST027322,Prime Day,SMS,0,0,0
CMP000273,CUST030799,Prime Day,SMS,1,1,0
CMP000274,CUST047300,Prime Day,SMS,1,1,1
CMP000275,CUST037115,Great Indian Festival,Push,0,0,1
CMP000276,CUST017547,Prime Day,SMS,1,0,1
CMP000277,CUST006899,Diwali Sale,SMS,1,0,0
CMP000278,CUST030100,Prime Day,Push,0,0,0
CMP000279,CUST007791,Great Indian Festival,Email,0,0,0
CMP000280,CUST017270,Prime Day,Email,1,0,1
CMP000281,CUST029452,Diwali Sale,SMS,0,0,1
CMP000282,CUST042941,Prime Day,Email,1,0,1
CMP000283,CUST008196,Diwali Sale,Push,0,0,0
CMP000284,CUST024677,Prime Day,Push,0,1,0
CMP000285,CUST019522,Prime Day,Email,1,0,1
CMP000286,CUST031742,Diwali Sale,Email,0,0,1
CMP000287,CUST024333,Prime Day,SMS,0,1,1
CMP000288,CUST017396,Diwali Sale,Email,0,1,0
CMP000289,CUST025087,Prime Day,SMS,1,1,1
CMP000290,CUST045964,Great Indian Festival,SMS,1,1,1
CMP000291,CUST013847,Diwali Sale,SMS,0,0,1
CMP000292,CUST009952,Diwali Sale,Push,0,0,0
CMP000293,CUST029528,Great Indian Festival,SMS,1,1,0
CMP000294,CUST013679,Great Indian Festival,Push,0,0,0
CMP000295,CUST025495,Diwali Sale,Email,1,1,1
CMP000296,CUST049572,Diwali Sale,SMS,0,1,1
CMP000297,CUST006131,Great Indian Festival,Push,0,1,1
CMP000298,CUST012279,Prime Day,Email,1,0,0
CMP000299,CUST035060,Great Indian Festival,Push,0,0,1
CMP000300,CUST031997,Prime Day,SMS,0,0,0
CMP000301,CUST019919,Diwali Sale,SMS,0,1,1
CMP000302,CUST017166,Prime Day,Push,0,0,0
CMP000303,CUST002752,Great Indian Festival,Email,1,1,1
CMP000304,CUST034237,Great Indian Festival,Push,0,0,1
CMP000305,CUST022061,Prime Day,SMS,0,0,1
CMP000306,CUST014968,Great Indian Festival,Email,1,0,0
CMP000307,CUST039372,Great Indian Festival,Email,1,1,0
CMP000308,CUST027865,Great Indian Festival,Push,1,0,1
CMP000309,CUST022337,Diwali Sale,Email,1,1,0
CMP000310,CUST006360,Diwali Sale,Push,1,0,0
CMP000311,CUST017108,Diwali Sale,SMS,0,1,0
CMP000312,CUST026230,Great Indian Festival,Push,0,0,1
CMP000313,CUST008382,Diwali Sale,SMS,1,1,0
CMP000314,CUST037528,Prime Day,Email,1,1,1
CMP000315,CUST035222,Diwali Sale,Email,0,1,0
CMP000316,CUST002298,Prime Day,Push,0,1,1
CMP000317,CUST047843,Diwali Sale,SMS,0,1,1
CMP000318,CUST043601,Prime Day,Push,0,1,0
CMP000319,CUST021419,Diwali Sale,Push,0,0,1
CMP000320,CUST038657,Great Indian Festival,Push,1,1,1
CMP000321,CUST008606,Great Indian Festival,Email,0,0,0
CMP000322,CUST011813,Great Indian Festival,Push,1,1,0
CMP000323,CUST022207,Great Indian Festival,Email,1,1,0
CMP000324,CUST037861,Great Indian Festival,Email,1,1,1
CMP000325,CUST014250,Diwali Sale,SMS,1,0,0
CMP000326,CUST021235,Prime Day,Push,0,0,0
CMP000327,CUST011641,Diwali Sale,SMS,1,1,1
CMP000328,CUST036127,Great Indian Festival,Email,0,1,0
CMP000329,CUST004280,Great Indian Festival,SMS,1,0,0
CMP000330,CUST028637,Prime Day,Email,0,1,0
CMP000331,CUST024665,Diwali Sale,SMS,0,0,0
CMP000332,CUST026557,Great Indian Festival,SMS,0,1,0
CMP000333,CUST033866,Great Indian Festival,Push,1,1,1
CMP000334,CUST029139,Prime Day,SMS,0,0,0
CMP000335,CUST015730,Great Indian Festival,Push,1,1,1
CMP000336,CUST033981,Prime Day,Push,0,1,0
CMP000337,CUST049557,Great Indian Festival,Push,1,1,0
CMP000338,CUST021347,Diwali Sale,SMS,0,0,1
CMP000339,CUST034903,Prime Day,Push,0,1,1
CMP000340,CUST041144,Great Indian Festival,SMS,0,0,1
CMP000341,CUST004080,Prime Day,Push,0,1,0
CMP000342,CUST022759,Great Indian Festival,SMS,0,1,0
CMP000343,CUST014911,Great Indian Festival,Email,0,0,0
CMP000344,CUST029328,Diwali Sale,Push,0,0,1
CMP000345,CUST021274,Diwali Sale,Push,1,0,0
CMP000346,CUST017007,Diwali Sale,Email,1,1,1
CMP000347,CUST037423,Great Indian Festival,Push,0,1,1
CMP000348,CUST015897,Diwali Sale,SMS,1,1,0
CMP000349,CUST016147,Great Indian Festival,SMS,1,0,1
CMP000350,CUST036317,Great Indian Festival,Email,1,0,0
CMP000351,CUST049165,Prime Day,Push,0,1,1
CMP000352,CUST010754,Diwali Sale,Email,0,0,0
CMP000353,CUST035010,Prime Day,SMS,0,0,0
CMP000354,CUST031831,Diwali Sale,Email,0,1,1
CMP000355,CUST020510,Diwali Sale,SMS,0,1,1
CMP000356,CUST015630,Prime Day,Email,0,0,1
CMP000357,CUST044387,Prime Day,SMS,0,0,0
CMP000358,CUST006216,Diwali Sale,Email,0,0,1
CMP000359,CUST005326,Diwali Sale,Email,1,1,0
CMP000360,CUST015392,Great Indian Festival,Email,1,1,0
CMP000361,CUST037643,Great Indian Festival,Push,1,0,0
CMP000362,CUST031397,Great Indian Festival,Push,0,0,0
CMP000363,CUST019394,Great Indian Festival,Push,0,1,1
CMP000364,CUST043276,Great Indian Festival,Email,1,0,1
CMP000365,CUST008143,Prime Day,Email,0,1,0
CMP000366,CUST018514,Diwali Sale,Email,0,1,1
CMP000367,CUST028762,Prime Day,SMS,0,1,1
CMP000368,CUST005507,Prime Day,Push,1,0,0
CMP000369,CUST005482,Diwali Sale,Push,1,0,0
CMP000370,CUST024399,Prime Day,Email,0,1,0
CMP000371,CUST020299,Diwali Sale,Push,0,0,1
CMP000372,CUST006453,Great Indian Festival,Email,0,1,1
CMP000373,CUST016461,Great Indian Festival,SMS,0,0,1
CMP000374,CUST045020,Great Indian Festival,Push,1,0,0
CMP000375,CUST044168,Diwali Sale,Push,0,0,1
CMP000376,CUST033953,Great Indian Festival,SMS,0,1,0
CMP000377,CUST028838,Prime Day,SMS,0,0,1
CMP000378,CUST030814,Diwali Sale,SMS,0,0,1
CMP000379,CUST043603,Great Indian Festival,Push,1,1,1
CMP000380,CUST007850,Diwali Sale,Email,0,0,0
CMP000381,CUST008111,Great Indian Festival,Push,0,0,0
CMP000382,CUST009065,Great Indian Festival,SMS,1,0,1
CMP000383,CUST038254,Diwali Sale,Email,0,0,1
CMP000384,CUST014298,Prime Day,Push,0,0,1
CMP000385,CUST040024,Great Indian Festival,Push,0,0,0
CMP000386,CUST045465,Diwali Sale,Push,0,0,1
CMP000387,CUST004170,Diwali Sale,Email,1,0,1
CMP000388,CUST047638,Great Indian Festival,Email,0,1,1
CMP000389,CUST028281,Great Indian Festival,Push,0,0,0
CMP000390,CUST005932,Diwali Sale,Email,0,1,0
CMP000391,CUST010814,Prime Day,Push,0,0,0
CMP000392,CUST041616,Great Indian Festival,Push,0,0,0
CMP000393,CUST013497,Great Indian Festival,Push,0,1,0
CMP000394,CUST018212,Prime Day,Push,0,0,1
CMP000395,CUST025573,Diwali Sale,Push,1,1,0
CMP000396,CUST048356,Great Indian Festival,SMS,0,1,1
CMP000397,CUST009378,Diwali Sale,SMS,1,0,1
CMP000398,CUST006537,Great Indian Festival,Push,1,0,1
CMP000399,CUST048222,Prime Day,SMS,1,1,1
CMP000400,CUST001469,Great Indian Festival,Push,0,0,0
CMP000401,CUST035341,Diwali Sale,Email,1,0,1
CMP000402,CUST012300,Great Indian Festival,Push,0,0,0
CMP000403,CUST040702,Diwali Sale,Email,0,1,0
CMP000404,CUST043347,Great Indian Festival,SMS,1,1,1
CMP000405,CUST039533,Great Indian Festival,Push,1,0,1
CMP000406,CUST002075,Great Indian Festival,Push,1,1,1
CMP000407,CUST043155,Prime Day,SMS,1,1,0
CMP000408,CUST005347,Diwali Sale,Email,1,0,1
CMP000409,CUST048111,Prime Day,Email,0,0,1
CMP000410,CUST012097,Great Indian Festival,Email,0,0,0
CMP000411,CUST016956,Diwali Sale,Push,1,0,1
CMP000412,CUST025914,Great Indian Festival,SMS,1,0,0
CMP000413,CUST037908,Great Indian Festival,Email,1,0,1
CMP000414,CUST014482,Great Indian Festival,SMS,0,0,1
CMP000415,CUST007080,Diwali Sale,Push,0,1,1
CMP000416,CUST049942,Diwali Sale,Push,1,1,0
CMP000417,CUST046925,Great Indian Festival,Push,0,1,1
CMP000418,CUST024206,Prime Day,SMS,1,1,1
CMP000419,CUST022385,Great Indian Festival,Email,0,1,1
CMP000420,CUST025584,Prime Day,Email,0,0,1
CMP000421,CUST024768,Prime Day,Email,0,0,0
CMP000422,CUST043198,Great Indian Festival,SMS,0,0,1
CMP000423,CUST007225,Prime Day,SMS,0,0,1
CMP000424,CUST015732,Diwali Sale,Email,1,0,0
CMP000425,CUST015632,Diwali Sale,Email,1,0,1
CMP000426,CUST004076,Great Indian Festival,SMS,0,1,1
CMP000427,CUST015575,Great Indian Festival,SMS,0,0,0
CMP000428,CUST012400,Great Indian Festival,Push,0,1,0
CMP000429,CUST017971,Great Indian Festival,Push,0,1,1
CMP000430,CUST008253,Great Indian Festival,Email,1,0,0
CMP000431,CUST008340,Prime Day,Push,1,1,1
CMP000432,CUST011906,Diwali Sale,Push,1,0,1
CMP000433,CUST008001,Diwali Sale,Email,0,1,1
CMP000434,CUST002760,Prime Day,Push,1,1,0
CMP000435,CUST040412,Great Indian Festival,Email,1,0,1
CMP000436,CUST006388,Great Indian Festival,Email,0,1,0
CMP000437,CUST041879,Great Indian Festival,Email,1,0,0
CMP000438,CUST007162,Prime Day,Email,1,0,0
CMP000439,CUST019737,Diwali Sale,Push,1,1,1
CMP000440,CUST010072,Diwali Sale,Email,1,0,1
CMP000441,CUST037769,Prime Day,Email,0,0,1
CMP000442,CUST019807,Great Indian Festival,Email,0,1,0
CMP000443,CUST039158,Diwali Sale,SMS,0,1,1
CMP000444,CUST019006,Great Indian Festival,Push,0,1,0
CMP000445,CUST035398,Great Indian Festival,Email,1,0,1
CMP000446,CUST022720,Great Indian Festival,SMS,1,1,0
CMP000447,CUST026310,Diwali Sale,Email,0,0,1
CMP000448,CUST033128,Diwali Sale,Email,1,0,0
CMP000449,CUST003069,Prime Day,Push,0,0,0
CMP000450,CUST014133,Diwali Sale,SMS,0,0,1
CMP000451,CUST020174,Diwali Sale,SMS,1,1,1
CMP000452,CUST031621,Prime Day,Email,1,1,1
CMP000453,CUST032651,Great Indian Festival,Email,0,1,0
CMP000454,CUST023548,Great Indian Festival,Push,1,1,0
CMP000455,CUST010671,Great Indian Festival,Email,1,0,1
CMP000456,CUST035117,Prime Day,Email,0,0,0
CMP000457,CUST005075,Prime Day,Push,0,0,1
CMP000458,CUST027410,Great Indian Festival,Push,1,1,1
CMP000459,CUST023814,Great Indian Festival,Email,0,0,1
CMP000460,CUST035401,Great Indian Festival,SMS,0,1,1
CMP000461,CUST009366,Great Indian Festival,Push,1,1,1
CMP000462,CUST012328,Prime Day,Email,0,1,1
CMP000463,CUST010720,Great Indian Festival,SMS,0,1,0
CMP000464,CUST031689,Great Indian Festival,Email,1,0,1
CMP000465,CUST003783,Great Indian Festival,Push,0,0,1
CMP000466,CUST017085,Diwali Sale,Email,1,0,0
CMP000467,CUST041583,Prime Day,SMS,1,0,1
CMP000468,CUST039116,Diwali Sale,SMS,0,1,0
CMP000469,CUST020532,Prime Day,Push,1,1,1
CMP000470,CUST018816,Diwali Sale,SMS,0,0,0
CMP000471,CUST042173,Great Indian Festival,SMS,1,0,0
CMP000472,CUST045525,Diwali Sale,SMS,1,1,0
CMP000473,CUST013554,Prime Day,Email,1,0,0
CMP000474,CUST025191,Great Indian Festival,SMS,0,1,1
CMP000475,CUST048012,Diwali Sale,Email,0,0,1
CMP000476,CUST019591,Prime Day,Push,1,1,0
CMP000477,CUST017643,Prime Day,Push,1,1,1
CMP000478,CUST017018,Great Indian Festival,SMS,0,1,1
CMP000479,CUST013120,Prime Day,Email,1,0,1
CMP000480,CUST026196,Diwali Sale,SMS,0,0,0
CMP000481,CUST029223,Prime Day,Push,1,0,0
CMP000482,CUST004881,Diwali Sale,Email,1,0,0
CMP000483,CUST047115,Great Indian Festival,Email,1,0,1
CMP000484,CUST025334,Prime Day,SMS,0,1,1
CMP000485,CUST042740,Diwali Sale,SMS,0,0,0
CMP000486,CUST020971,Prime Day,Push,1,0,0
CMP000487,CUST032083,Prime Day,Email,0,0,0
CMP000488,CUST004705,Diwali Sale,SMS,1,1,1
CMP000489,CUST038666,Diwali Sale,Push,1,1,0
CMP000490,CUST009966,Diwali Sale,Push,1,1,1
CMP000491,CUST004210,Great Indian Festival,Push,0,1,1
CMP000492,CUST017103,Great Indian Festival,Email,0,0,0
CMP000493,CUST016977,Diwali Sale,Push,1,0,1
CMP000494,CUST009382,Great Indian Festival,Push,0,1,1
CMP000495,CUST045058,Prime Day,SMS,1,0,1
CMP000496,CUST011610,Diwali Sale,Push,1,0,0
CMP000497,CUST031062,Prime Day,Push,0,0,0
CMP000498,CUST044245,Prime Day,Email,0,0,1
CMP000499,CUST029563,Diwali Sale,Push,0,1,0
CMP000500,CUST007752,Great Indian Festival,SMS,0,1,0
CMP000501,CUST038084,Diwali Sale,Email,1,1,0
CMP000502,CUST015358,Prime Day,Push,1,0,1
CMP000503,CUST036177,Diwali Sale,Push,0,0,1
CMP000504,CUST049866,Diwali Sale,Email,1,1,0
CMP000505,CUST005824,Diwali Sale,Push,0,1,0
CMP000506,CUST009395,Diwali Sale,SMS,1,0,0
CMP000507,CUST009284,Diwali Sale,SMS,0,0,1
CMP000508,CUST006663,Diwali Sale,SMS,1,1,1
CMP000509,CUST028914,Diwali Sale,Email,1,0,1
CMP000510,CUST026250,Diwali Sale,SMS,0,0,0
CMP000511,CUST038228,Diwali Sale,Push,1,0,0
CMP000512,CUST029023,Great Indian Festival,Email,1,0,0
CMP000513,CUST028248,Great Indian Festival,SMS,0,1,1
CMP000514,CUST023286,Great Indian Festival,Push,1,1,0
CMP000515,CUST041380,Great Indian Festival,Push,1,0,1
CMP000516,CUST042871,Diwali Sale,Email,1,0,1
CMP000517,CUST015009,Prime Day,Email,0,1,1
CMP000518,CUST021810,Diwali Sale,Push,0,1,0
CMP000519,CUST041944,Great Indian Festival,Push,0,0,1
CMP000520,CUST013357,Diwali Sale,SMS,0,1,1
CMP000521,CUST012074,Prime Day,Email,1,1,1
CMP000522,CUST036674,Prime Day,Email,1,0,1
CMP000523,CUST002272,Prime Day,Email,1,0,0
CMP000524,CUST040499,Great Indian Festival,Email,1,0,1
CMP000525,CUST021790,Prime Day,SMS,1,0,1
CMP000526,CUST037639,Prime Day,SMS,0,0,0
CMP000527,CUST008918,Great Indian Festival,Push,0,1,1
CMP000528,CUST034765,Diwali Sale,SMS,1,0,0
CMP000529,CUST017018,Prime Day,Push,1,0,0
CMP000530,CUST004761,Great Indian Festival,SMS,0,0,1
CMP000531,CUST030149,Diwali Sale,SMS,1,0,0
CMP000532,CUST020143,Diwali Sale,SMS,0,1,0
CMP000533,CUST019080,Great Indian Festival,SMS,1,1,0
CMP000534,CUST029062,Diwali Sale,Email,1,1,0
CMP000535,CUST043141,Great Indian Festival,Push,0,0,0
CMP000536,CUST037362,Diwali Sale,Email,1,1,0
CMP000537,CUST020786,Prime Day,SMS,0,1,0
CMP000538,CUST048912,Diwali Sale,Email,1,1,1
CMP000539,CUST013622,Great Indian Festival,Email,0,0,1
CMP000540,CUST014418,Diwali Sale,SMS,0,1,0
CMP000541,CUST042354,Prime Day,SMS,0,0,1
CMP000542,CUST012739,Prime Day,Push,1,0,1
CMP000543,CUST019212,Great Indian Festival,SMS,1,1,1
CMP000544,CUST007458,Prime Day,Email,0,0,0
CMP000545,CUST035173,Prime Day,SMS,1,1,0
CMP000546,CUST015840,Diwali Sale,Email,0,1,1
CMP000547,CUST035124,Diwali Sale,Email,1,0,1
CMP000548,CUST005721,Great Indian Festival,Push,1,1,0
CMP000549,CUST014220,Diwali Sale,SMS,1,0,0
CMP000550,CUST011945,Diwali Sale,Email,1,0,0
CMP000551,CUST037017,Prime Day,SMS,0,0,1
CMP000552,CUST028317,Diwali Sale,SMS,0,1,1
CMP000553,CUST002884,Great Indian Festival,SMS,1,1,1
CMP000554,CUST038063,Prime Day,SMS,1,0,0
CMP000555,CUST013471,Great Indian Festival,Email,0,0,0
CMP000556,CUST038615,Prime Day,Push,1,0,0
CMP000557,CUST010856,Diwali Sale,Push,1,0,1
CMP000558,CUST041300,Prime Day,SMS,0,0,1
CMP000559,CUST046152,Great Indian Festival,Email,1,1,1
CMP000560,CUST017936,Prime Day,Push,1,1,0
CMP000561,CUST044330,Great Indian Festival,Email,0,0,0
CMP000562,CUST045345,Great Indian Festival,Email,0,0,1
CMP000563,CUST049824,Prime Day,Push,1,0,1
CMP000564,CUST005167,Prime Day,SMS,1,0,1
CMP000565,CUST016047,Diwali Sale,Email,1,0,1
CMP000566,CUST008779,Prime Day,Email,0,0,1
CMP000567,CUST022690,Diwali Sale,SMS,1,1,0
CMP000568,CUST010224,Prime Day,SMS,1,0,0
CMP000569,CUST028368,Prime Day,Push,0,1,1
CMP000570,CUST029060,Prime Day,SMS,0,0,0
CMP000571,CUST019396,Great Indian Festival,SMS,0,0,0
CMP000572,CUST000413,Prime Day,SMS,0,0,0
CMP000573,CUST022099,Diwali Sale,SMS,1,1,1
CMP000574,CUST036301,Prime Day,Push,1,0,1
CMP000575,CUST038294,Prime Day,Push,0,1,0
CMP000576,CUST011662,Great Indian Festival,SMS,1,1,1
CMP000577,CUST024597,Diwali Sale,SMS,1,0,1
CMP000578,CUST048577,Prime Day,Push,0,0,1
CMP000579,CUST004114,Great Indian Festival,SMS,1,0,0
CMP000580,CUST035522,Diwali Sale,Email,1,1,0
CMP000581,CUST001558,Great Indian Festival,SMS,1,0,0
CMP000582,CUST043737,Prime Day,Push,0,1,0
CMP000583,CUST014193,Great Indian Festival,Email,1,0,1
CMP000584,CUST039924,Great Indian Festival,SMS,1,0,0
CMP000585,CUST024683,Prime Day,Email,1,1,0
CMP000586,CUST000332,Great Indian Festival,Push,0,1,1
CMP000587,CUST032439,Great Indian Festival,SMS,1,1,1
CMP000588,CUST038555,Great Indian Festival,Email,0,0,1
CMP000589,CUST029201,Great Indian Festival,Push,0,1,1
CMP000590,CUST031342,Prime Day,Email,1,0,0
CMP000591,CUST015250,Prime Day,SMS,1,1,1
CMP000592,CUST032673,Great Indian Festival,Push,0,1,0
CMP000593,CUST015550,Great Indian Festival,SMS,0,0,0
CMP000594,CUST004539,Prime Day,Push,0,1,0
CMP000595,CUST044675,Great Indian Festival,Push,1,0,0
CMP000596,CUST032216,Diwali Sale,SMS,1,0,1
CMP000597,CUST001494,Great Indian Festival,Push,1,1,0
CMP000598,CUST007653,Great Indian Festival,Push,0,1,0
CMP000599,CUST015925,Diwali Sale,SMS,0,0,1
CMP000600,CUST032144,Great Indian Festival,Email,0,0,0
CMP000601,CUST037697,Diwali Sale,SMS,0,0,1
CMP000602,CUST019711,Diwali Sale,Push,0,1,1
CMP000603,CUST024705,Great Indian Festival,Push,0,0,0
CMP000604,CUST016786,Great Indian Festival,SMS,0,0,1
CMP000605,CUST038464,Prime Day,Push,0,1,0
CMP000606,CUST028352,Prime Day,Email,0,0,1
CMP000607,CUST010437,Prime Day,Email,1,0,0
CMP000608,CUST014038,Prime Day,Email,0,0,0
CMP000609,CUST019528,Diwali Sale,Email,0,0,0
CMP000610,CUST019683,Prime Day,SMS,0,0,0
CMP000611,CUST022282,Great Indian Festival,SMS,1,0,1
CMP000612,CUST008938,Prime Day,Email,1,1,1
CMP000613,CUST013290,Diwali Sale,SMS,1,0,1
CMP000614,CUST049623,Great Indian Festival,Push,0,0,0
CMP000615,CUST034242,Diwali Sale,SMS,1,1,1
CMP000616,CUST005871,Great Indian Festival,Push,1,1,1
CMP000617,CUST006878,Great Indian Festival,Email,1,0,0
CMP000618,CUST005274,Great Indian Festival,Push,1,1,1
CMP000619,CUST048872,Prime Day,Push,1,0,1
CMP000620,CUST022306,Prime Day,Push,1,1,1
CMP000621,CUST038971,Great Indian Festival,Email,1,1,1
CMP000622,CUST047295,Prime Day,SMS,0,0,0
CMP000623,CUST014803,Prime Day,SMS,1,0,1
CMP000624,CUST009171,Diwali Sale,Push,0,0,0
CMP000625,CUST048454,Prime Day,Email,0,0,0
CMP000626,CUST029370,Great Indian Festival,Push,1,0,1
CMP000627,CUST021737,Diwali Sale,Push,0,1,1
CMP000628,CUST021866,Prime Day,Email,0,1,1
CMP000629,CUST027975,Diwali Sale,SMS,0,1,0
CMP000630,CUST004824,Great Indian Festival,Push,1,1,0
CMP000631,CUST037233,Prime Day,Push,0,1,0
CMP000632,CUST038006,Great Indian Festival,Email,0,0,0
CMP000633,CUST048172,Great Indian Festival,Email,1,0,0
CMP000634,CUST043501,Prime Day,Push,0,0,1
CMP000635,CUST048207,Great Indian Festival,Push,0,1,1
CMP000636,CUST029193,Prime Day,Push,0,0,1
CMP000637,CUST013924,Diwali Sale,Push,0,0,1
CMP000638,CUST009465,Great Indian Festival,SMS,0,1,0
CMP000639,CUST012952,Prime Day,Email,1,0,0
CMP000640,CUST035181,Prime Day,Email,0,1,0
CMP000641,CUST041827,Great Indian Festival,Push,1,1,1
CMP000642,CUST040916,Great Indian Festival,Push,0,0,0
CMP000643,CUST030771,Diwali Sale,Push,1,0,1
CMP000644,CUST027993,Great Indian Festival,Push,1,0,1
CMP000645,CUST038505,Diwali Sale,Email,1,0,1
CMP000646,CUST008389,Great Indian Festival,Email,0,0,1
CMP000647,CUST048740,Great Indian Festival,Email,0,1,1
CMP000648,CUST016288,Diwali Sale,Email,0,0,1
CMP000649,CUST048223,Great Indian Festival,Email,0,1,1
CMP000650,CUST033326,Prime Day,Push,0,1,1
CMP000651,CUST013027,Diwali Sale,SMS,1,0,0
CMP000652,CUST043324,Great Indian Festival,Email,0,1,0
CMP000653,CUST011590,Diwali Sale,Email,1,1,1
CMP000654,CUST025979,Great Indian Festival,Email,0,0,1
CMP000655,CUST018694,Prime Day,Email,1,0,0
CMP000656,CUST003201,Great Indian Festival,Push,0,1,0
CMP000657,CUST015642,Great Indian Festival,SMS,1,1,0
CMP000658,CUST015164,Diwali Sale,SMS,1,0,1
CMP000659,CUST035785,Diwali Sale,Email,0,0,1
CMP000660,CUST043739,Diwali Sale,SMS,1,1,0
CMP000661,CUST001237,Diwali Sale,SMS,1,1,0
CMP000662,CUST042601,Prime Day,Push,0,1,0
CMP000663,CUST008433,Prime Day,Email,1,0,1
CMP000664,CUST039685,Diwali Sale,Push,1,0,0
CMP000665,CUST006471,Diwali Sale,SMS,1,0,1
CMP000666,CUST046439,Prime Day,Push,1,1,1
CMP000667,CUST027527,Prime Day,Push,1,0,0
CMP000668,CUST020758,Diwali Sale,Email,1,0,1
CMP000669,CUST033485,Prime Day,Email,0,0,1
CMP000670,CUST045068,Great Indian Festival,SMS,1,0,1
CMP000671,CUST013906,Diwali Sale,Push,0,1,0
CMP000672,CUST010482,Diwali Sale,Email,1,1,0
CMP000673,CUST007731,Diwali Sale,Push,1,1,0
CMP000674,CUST014125,Prime Day,SMS,1,0,0
CMP000675,CUST047124,Prime Day,Email,1,0,0
CMP000676,CUST041662,Prime Day,Push,0,0,0
CMP000677,CUST007833,Prime Day,Push,1,0,1
CMP000678,CUST033219,Great Indian Festival,SMS,0,0,1
CMP000679,CUST044705,Diwali Sale,Push,0,0,0
CMP000680,CUST017249,Diwali Sale,Email,0,1,0
CMP000681,CUST026721,Prime Day,SMS,0,1,0
CMP000682,CUST044623,Diwali Sale,SMS,0,1,0
CMP000683,CUST005621,Diwali Sale,Push,1,0,1
CMP000684,CUST037316,Great Indian Festival,SMS,0,1,0
CMP000685,CUST002739,Diwali Sale,Push,0,1,1
CMP000686,CUST023260,Prime Day,SMS,1,1,1
CMP000687,CUST035649,Prime Day,Push,1,0,1
CMP000688,CUST002698,Diwali Sale,Push,0,0,0
CMP000689,CUST029311,Great Indian Festival,Push,0,1,1
CMP000690,CUST042958,Diwali Sale,Push,1,0,0
CMP000691,CUST036171,Great Indian Festival,Email,0,1,0
CMP000692,CUST031750,Prime Day,Push,0,0,0
CMP000693,CUST006317,Great Indian Festival,Push,0,0,0
CMP000694,CUST001795,Prime Day,Push,1,0,1
CMP000695,CUST025070,Diwali Sale,Email,0,1,1
CMP000696,CUST007495,Diwali Sale,Push,0,1,0
CMP000697,CUST026620,Prime Day,Email,1,0,0
CMP000698,CUST014298,Great Indian Festival,Push,1,1,1
CMP000699,CUST005180,Prime Day,SMS,0,1,1
CMP000700,CUST025574,Great Indian Festival,SMS,0,1,0
CMP000701,CUST017510,Diwali Sale,Push,1,0,1
CMP000702,CUST049996,Diwali Sale,SMS,0,0,0
CMP000703,CUST003133,Great Indian Festival,Push,1,1,1
CMP000704,CUST030111,Great Indian Festival,Push,1,1,1
CMP000705,CUST043990,Diwali Sale,Email,0,1,0
CMP000706,CUST034675,Prime Day,SMS,0,1,1
CMP000707,CUST009207,Prime Day,SMS,1,0,0
CMP000708,CUST029551,Diwali Sale,Email,0,0,1
CMP000709,CUST036889,Prime Day,Push,0,0,0
CMP000710,CUST017195,Prime Day,Email,0,1,0
CMP000711,CUST001352,Prime Day,Email,0,0,1
CMP000712,CUST005735,Diwali Sale,Push,1,0,0
CMP000713,CUST048347,Diwali Sale,Email,1,1,1
CMP000714,CUST033335,Great Indian Festival,Email,0,0,0
CMP000715,CUST041773,Diwali Sale,SMS,0,1,0
CMP000716,CUST048549,Diwali Sale,SMS,1,0,1
CMP000717,CUST045787,Great Indian Festival,Push,1,0,1
CMP000718,CUST003082,Great Indian Festival,Push,1,1,0
CMP000719,CUST022759,Prime Day,Email,1,0,1
CMP000720,CUST034280,Great Indian Festival,Email,0,0,1
CMP000721,CUST046561,Diwali Sale,Email,0,1,1
CMP000722,CUST035510,Diwali Sale,Push,0,0,1
CMP000723,CUST016631,Great Indian Festival,SMS,0,1,1
CMP000724,CUST039815,Prime Day,SMS,1,1,1
CMP000725,CUST014328,Prime Day,SMS,0,0,1
CMP000726,CUST016931,Prime Day,Email,0,1,0
CMP000727,CUST030477,Great Indian Festival,Email,1,0,1
CMP000728,CUST009869,Diwali Sale,Push,1,1,1
CMP000729,CUST038376,Prime Day,SMS,0,0,1
CMP000730,CUST010307,Diwali Sale,SMS,0,1,1
CMP000731,CUST034342,Prime Day,Push,0,1,1
CMP000732,CUST016621,Great Indian Festival,SMS,0,0,0
CMP000733,CUST004867,Prime Day,Email,1,0,1
CMP000734,CUST047461,Great Indian Festival,Email,1,1,1
CMP000735,CUST024971,Great Indian Festival,Email,0,0,0
CMP000736,CUST019144,Prime Day,SMS,0,1,1
CMP000737,CUST024530,Prime Day,Push,0,0,1
CMP000738,CUST032723,Great Indian Festival,SMS,1,0,1
CMP000739,CUST040482,Great Indian Festival,SMS,1,0,0
CMP000740,CUST017258,Great Indian Festival,Email,0,0,0
CMP000741,CUST004579,Great Indian Festival,SMS,0,0,1
CMP000742,CUST037566,Prime Day,Push,0,1,0
CMP000743,CUST007669,Diwali Sale,Email,1,1,1
CMP000744,CUST039435,Great Indian Festival,Push,0,0,0
CMP000745,CUST042835,Great Indian Festival,SMS,0,0,0
CMP000746,CUST015525,Great Indian Festival,SMS,1,0,1
CMP000747,CUST049985,Great Indian Festival,SMS,1,1,1
CMP000748,CUST039595,Prime Day,Email,1,1,0
CMP000749,CUST044467,Great Indian Festival,Push,0,0,1
CMP000750,CUST005435,Great Indian Festival,Email,0,1,1
CMP000751,CUST008267,Great Indian Festival,SMS,0,1,0
CMP000752,CUST017365,Diwali Sale,Push,1,0,0
CMP000753,CUST033769,Diwali Sale,Email,0,1,0
CMP000754,CUST017858,Prime Day,SMS,0,0,1
CMP000755,CUST024400,Diwali Sale,Push,1,0,1
CMP000756,CUST045381,Great Indian Festival,Push,1,1,1
CMP000757,CUST039478,Great Indian Festival,SMS,0,1,0
CMP000758,CUST038294,Diwali Sale,Push,0,0,0
CMP000759,CUST013388,Diwali Sale,Push,0,0,0
CMP000760,CUST018642,Diwali Sale,SMS,1,0,1
CMP000761,CUST020495,Prime Day,SMS,1,1,0
CMP000762,CUST026805,Prime Day,Push,0,0,0
CMP000763,CUST016956,Prime Day,Push,1,1,0
CMP000764,CUST013127,Diwali Sale,SMS,1,0,1
CMP000765,CUST024046,Prime Day,Email,0,0,1
CMP000766,CUST009841,Prime Day,Push,0,1,0
CMP000767,CUST014316,Diwali Sale,Email,1,1,1
CMP000768,CUST043933,Great Indian Festival,SMS,1,1,1
CMP000769,CUST049389,Great Indian Festival,Push,0,1,0
CMP000770,CUST000282,Great Indian Festival,SMS,1,0,1
CMP000771,CUST040884,Great Indian Festival,Email,1,0,1
CMP000772,CUST045559,Diwali Sale,SMS,0,1,1
CMP000773,CUST047690,Diwali Sale,SMS,1,1,0
CMP000774,CUST007740,Prime Day,Push,0,1,0
CMP000775,CUST040422,Diwali Sale,Push,1,0,1
CMP000776,CUST032901,Prime Day,Push,0,0,0
CMP000777,CUST048950,Prime Day,Push,1,0,1
CMP000778,CUST018578,Great Indian Festival,Email,1,0,0
CMP000779,CUST027436,Prime Day,SMS,0,0,0
CMP000780,CUST006172,Diwali Sale,Email,0,0,1
CMP000781,CUST002797,Diwali Sale,Push,1,0,1
CMP000782,CUST043362,Great Indian Festival,Email,1,0,1
CMP000783,CUST021818,Great Indian Festival,Push,1,1,1
CMP000784,CUST042284,Great Indian Festival,SMS,0,0,1
CMP000785,CUST031214,Diwali Sale,SMS,0,1,1
CMP000786,CUST012904,Prime Day,Email,0,0,0
CMP000787,CUST046722,Prime Day,Push,1,0,0
CMP000788,CUST040172,Prime Day,Email,0,1,1
CMP000789,CUST016506,Prime Day,SMS,0,0,0
CMP000790,CUST020252,Great Indian Festival,Push,0,0,0
CMP000791,CUST039560,Diwali Sale,Push,0,1,0
CMP000792,CUST004699,Prime Day,SMS,0,0,1
CMP000793,CUST049756,Diwali Sale,Push,0,0,1
CMP000794,CUST041768,Diwali Sale,Push,0,0,1
CMP000795,CUST021423,Great Indian Festival,Push,0,0,0
CMP000796,CUST016486,Prime Day,SMS,0,1,1
CMP000797,CUST029882,Prime Day,Push,1,1,1
CMP000798,CUST039899,Great Indian Festival,SMS,0,0,1
CMP000799,CUST004142,Prime Day,Email,1,1,1
CMP000800,CUST031182,Diwali Sale,Email,0,1,0
CMP000801,CUST002118,Diwali Sale,Push,1,0,1
CMP000802,CUST030497,Prime Day,Email,1,1,1
CMP000803,CUST031716,Diwali Sale,Email,1,0,1
CMP000804,CUST040942,Diwali Sale,Email,1,1,0
CMP000805,CUST006886,Prime Day,Email,1,1,1
CMP000806,CUST032624,Diwali Sale,Email,1,1,0
CMP000807,CUST014496,Great Indian Festival,SMS,1,1,0
CMP000808,CUST039605,Diwali Sale,Push,0,0,1
CMP000809,CUST007355,Prime Day,Email,1,1,0
CMP000810,CUST001071,Diwali Sale,Push,1,1,0
CMP000811,CUST025020,Diwali Sale,Email,1,1,1
CMP000812,CUST002557,Great Indian Festival,Email,1,1,0
CMP000813,CUST001991,Diwali Sale,SMS,1,1,0
CMP000814,CUST027765,Diwali Sale,Push,1,0,1
CMP000815,CUST042968,Prime Day,SMS,1,1,0
CMP000816,CUST021008,Prime Day,Push,0,0,0
CMP000817,CUST005818,Prime Day,Email,0,0,1
CMP000818,CUST010071,Diwali Sale,Push,1,0,0
CMP000819,CUST032469,Diwali Sale,Push,1,0,1
CMP000820,CUST043038,Diwali Sale,Push,1,1,0
CMP000821,CUST021641,Great Indian Festival,SMS,0,1,0
CMP000822,CUST035063,Diwali Sale,Email,1,1,1
CMP000823,CUST007798,Prime Day,Push,0,0,0
CMP000824,CUST017001,Prime Day,Push,1,0,1
CMP000825,CUST027736,Diwali Sale,Push,0,0,0
CMP000826,CUST044018,Diwali Sale,Push,0,1,1
CMP000827,CUST029104,Great Indian Festival,Email,1,0,1
CMP000828,CUST024868,Prime Day,SMS,1,0,0
CMP000829,CUST014874,Diwali Sale,SMS,1,1,0
CMP000830,CUST048941,Great Indian Festival,Push,1,1,0
CMP000831,CUST033403,Prime Day,SMS,0,1,0
CMP000832,CUST036245,Great Indian Festival,SMS,0,0,1
CMP000833,CUST042970,Great Indian Festival,Push,1,0,0
CMP000834,CUST038824,Prime Day,Push,1,0,1
CMP000835,CUST017655,Great Indian Festival,Push,1,0,0
CMP000836,CUST034695,Great Indian Festival,Email,1,0,0
CMP000837,CUST002833,Great Indian Festival,SMS,1,0,1
CMP000838,CUST040710,Prime Day,Push,1,0,1
CMP000839,CUST032547,Diwali Sale,Push,0,0,0
CMP000840,CUST032528,Diwali Sale,Email,0,1,0
CMP000841,CUST014444,Great Indian Festival,Push,0,1,0
CMP000842,CUST003617,Diwali Sale,Push,1,1,0
CMP000843,CUST048529,Great Indian Festival,SMS,1,1,0
CMP000844,CUST027377,Prime Day,Email,1,0,1
CMP000845,CUST043268,Great Indian Festival,Email,0,1,0
CMP000846,CUST017703,Prime Day,SMS,0,1,0
CMP000847,CUST019546,Diwali Sale,Push,0,0,1
CMP000848,CUST036826,Prime Day,SMS,0,1,0
CMP000849,CUST017514,Diwali Sale,Push,0,1,1
CMP000850,CUST002617,Prime Day,Push,0,0,0
CMP000851,CUST045619,Prime Day,Push,0,0,0
CMP000852,CUST029070,Great Indian Festival,SMS,0,0,1
CMP000853,CUST022623,Great Indian Festival,Push,0,0,0
CMP000854,CUST044883,Diwali Sale,Push,1,1,1
CMP000855,CUST049882,Prime Day,Push,1,1,0
CMP000856,CUST039327,Prime Day,Email,0,0,1
CMP000857,CUST008681,Great Indian Festival,Push,1,0,0
CMP000858,CUST017352,Prime Day,Push,1,0,0
CMP000859,CUST036021,Great Indian Festival,Email,1,0,1
CMP000860,CUST014732,Prime Day,Push,0,1,1
CMP000861,CUST008420,Great Indian Festival,Email,1,0,1
CMP000862,CUST018115,Great Indian Festival,SMS,1,1,0
CMP000863,CUST046041,Prime Day,Push,0,0,1
CMP000864,CUST029343,Great Indian Festival,Push,0,0,1
CMP000865,CUST049837,Great Indian Festival,SMS,0,0,0
CMP000866,CUST040610,Prime Day,Email,0,0,0
CMP000867,CUST004511,Great Indian Festival,Email,0,0,0
CMP000868,CUST023611,Prime Day,Push,0,1,0
CMP000869,CUST009826,Great Indian Festival,SMS,0,0,1
CMP000870,CUST014306,Prime Day,SMS,1,1,1
CMP000871,CUST012639,Great Indian Festival,Email,1,1,1
CMP000872,CUST029278,Diwali Sale,Email,1,0,0
CMP000873,CUST018552,Great Indian Festival,Email,1,1,0
CMP000874,CUST003849,Diwali Sale,Email,1,1,1
CMP000875,CUST044378,Great Indian Festival,Push,1,0,1
CMP000876,CUST034514,Prime Day,Email,1,0,1
CMP000877,CUST004900,Diwali Sale,Email,1,0,1
CMP000878,CUST043991,Great Indian Festival,Email,0,0,1
CMP000879,CUST012171,Diwali Sale,SMS,0,0,0
CMP000880,CUST009612,Diwali Sale,Email,1,0,0
CMP000881,CUST011619,Great Indian Festival,Push,0,1,0
CMP000882,CUST036051,Great Indian Festival,Push,1,1,1
CMP000883,CUST040490,Diwali Sale,Email,1,0,1
CMP000884,CUST049564,Diwali Sale,SMS,0,0,1
CMP000885,CUST009602,Great Indian Festival,Email,1,1,0
CMP000886,CUST000987,Prime Day,Email,1,1,1
CMP000887,CUST013667,Prime Day,Email,0,1,0
CMP000888,CUST003306,Prime Day,SMS,0,1,1
CMP000889,CUST033105,Great Indian Festival,Email,1,1,0
CMP000890,CUST016824,Prime Day,SMS,1,0,0
CMP000891,CUST004535,Prime Day,Push,1,1,0
CMP000892,CUST046808,Diwali Sale,Email,1,1,1
CMP000893,CUST017127,Great Indian Festival,SMS,1,1,1
CMP000894,CUST028150,Prime Day,SMS,1,1,1
CMP000895,CUST012924,Prime Day,Email,1,0,0
CMP000896,CUST007598,Diwali Sale,SMS,0,0,1
CMP000897,CUST036810,Prime Day,Email,1,1,0
CMP000898,CUST000254,Prime Day,Push,0,1,1
CMP000899,CUST010425,Prime Day,Push,1,0,0
CMP000900,CUST017233,Diwali Sale,SMS,0,0,1
CMP000901,CUST021579,Diwali Sale,SMS,0,1,0
CMP000902,CUST014335,Diwali Sale,SMS,0,0,1
CMP000903,CUST000426,Great Indian Festival,Email,1,1,1
CMP000904,CUST019054,Prime Day,Email,1,1,0
CMP000905,CUST022173,Great Indian Festival,Email,0,0,0
CMP000906,CUST017091,Prime Day,SMS,1,1,1
CMP000907,CUST015330,Great Indian Festival,Push,0,1,0
CMP000908,CUST005847,Prime Day,SMS,0,0,1
CMP000909,CUST023060,Prime Day,SMS,1,0,0
CMP000910,CUST016067,Great Indian Festival,Email,1,1,1
CMP000911,CUST034007,Diwali Sale,Push,0,1,0
CMP000912,CUST008379,Great Indian Festival,SMS,0,1,1
CMP000913,CUST022244,Great Indian Festival,Email,1,0,1
CMP000914,CUST042172,Great Indian Festival,SMS,0,1,0
CMP000915,CUST038939,Prime Day,SMS,1,0,0
CMP000916,CUST010666,Prime Day,Push,0,1,0
CMP000917,CUST037108,Prime Day,Push,1,1,1
CMP000918,CUST009882,Prime Day,SMS,0,1,0
CMP000919,CUST020866,Diwali Sale,SMS,1,1,0
CMP000920,CUST035078,Great Indian Festival,Push,1,0,1
CMP000921,CUST030003,Diwali Sale,Email,1,0,1
CMP000922,CUST022304,Prime Day,SMS,0,1,0
CMP000923,CUST020569,Diwali Sale,SMS,0,1,1
CMP000924,CUST016236,Great Indian Festival,SMS,1,0,1
CMP000925,CUST039588,Great Indian Festival,Email,1,1,0
CMP000926,CUST016644,Prime Day,Email,1,1,0
CMP000927,CUST017221,Great Indian Festival,Push,1,1,1
CMP000928,CUST026794,Diwali Sale,SMS,0,0,0
CMP000929,CUST036541,Diwali Sale,Push,0,1,0
CMP000930,CUST034261,Prime Day,SMS,0,0,1
CMP000931,CUST019186,Prime Day,Email,0,1,1
CMP000932,CUST030589,Prime Day,SMS,0,1,1
CMP000933,CUST032279,Diwali Sale,Push,0,0,0
CMP000934,CUST023533,Diwali Sale,Email,0,1,1
CMP000935,CUST005383,Prime Day,SMS,1,1,1
CMP000936,CUST034827,Great Indian Festival,Email,1,1,1
CMP000937,CUST000041,Diwali Sale,Email,1,0,1
CMP000938,CUST001895,Great Indian Festival,Push,1,1,0
CMP000939,CUST024417,Great Indian Festival,Email,0,1,0
CMP000940,CUST020314,Prime Day,SMS,0,1,0
CMP000941,CUST018606,Prime Day,Email,1,1,1
CMP000942,CUST013673,Great Indian Festival,Email,1,1,1
CMP000943,CUST022302,Diwali Sale,SMS,0,1,1
CMP000944,CUST004046,Great Indian Festival,Push,1,1,1
CMP000945,CUST012594,Diwali Sale,SMS,0,1,1
CMP000946,CUST037044,Great Indian Festival,SMS,1,0,1
CMP000947,CUST021856,Great Indian Festival,SMS,0,0,1
CMP000948,CUST002958,Great Indian Festival,Push,0,0,1
CMP000949,CUST032131,Prime Day,Email,0,1,1
CMP000950,CUST008365,Prime Day,Email,1,0,1
CMP000951,CUST045838,Prime Day,Email,1,0,0
CMP000952,CUST001626,Prime Day,Email,0,1,1
CMP000953,CUST008942,Great Indian Festival,SMS,0,1,1
CMP000954,CUST015708,Diwali Sale,Push,0,1,0
CMP000955,CUST022979,Diwali Sale,Push,0,0,0
CMP000956,CUST033918,Great Indian Festival,Push,0,1,1
CMP000957,CUST033466,Prime Day,Push,0,0,0
CMP000958,CUST036921,Prime Day,Email,0,1,1
CMP000959,CUST038967,Prime Day,SMS,1,0,1
CMP000960,CUST032906,Diwali Sale,SMS,1,1,1
CMP000961,CUST008151,Diwali Sale,Email,0,1,1
CMP000962,CUST028782,Great Indian Festival,SMS,1,0,1
CMP000963,CUST012137,Diwali Sale,Email,0,0,0
CMP000964,CUST009471,Prime Day,SMS,0,0,0
CMP000965,CUST007025,Great Indian Festival,Email,1,0,0
CMP000966,CUST025152,Diwali Sale,SMS,0,1,1
CMP000967,CUST039164,Great Indian Festival,SMS,1,1,1
CMP000968,CUST008758,Prime Day,Push,0,0,1
CMP000969,CUST009777,Prime Day,SMS,1,0,0
CMP000970,CUST015708,Diwali Sale,Push,0,1,0
CMP000971,CUST037207,Prime Day,Email,0,1,1
CMP000972,CUST042690,Prime Day,Email,1,0,1
CMP000973,CUST007603,Great Indian Festival,Push,1,0,0
CMP000974,CUST040613,Prime Day,SMS,1,1,0
CMP000975,CUST041285,Great Indian Festival,Push,1,1,1
CMP000976,CUST002526,Prime Day,Email,0,0,1
CMP000977,CUST038410,Prime Day,SMS,1,0,1
CMP000978,CUST026028,Prime Day,Push,0,1,1
CMP000979,CUST001242,Diwali Sale,SMS,1,1,0
CMP000980,CUST008190,Prime Day,Push,1,0,0
CMP000981,CUST002697,Great Indian Festival,SMS,0,1,1
CMP000982,CUST033619,Prime Day,SMS,1,0,0
CMP000983,CUST024519,Great Indian Festival,SMS,0,0,0
CMP000984,CUST042217,Great Indian Festival,Email,1,1,0
CMP000985,CUST009088,Prime Day,SMS,0,0,0
CMP000986,CUST029714,Diwali Sale,Email,0,1,1
CMP000987,CUST010121,Prime Day,SMS,0,0,0
CMP000988,CUST028084,Great Indian Festival,Push,0,0,1
CMP000989,CUST016409,Prime Day,SMS,1,1,0
CMP000990,CUST006439,Great Indian Festival,Push,0,0,0
CMP000991,CUST018298,Prime Day,Push,1,0,0
CMP000992,CUST013570,Diwali Sale,Push,0,0,1
CMP000993,CUST032189,Diwali Sale,Email,1,1,0
CMP000994,CUST040398,Great Indian Festival,Push,0,1,0
CMP000995,CUST015009,Diwali Sale,Push,1,0,1
CMP000996,CUST039797,Great Indian Festival,Push,1,1,0
CMP000997,CUST036084,Great Indian Festival,Push,1,0,1
CMP000998,CUST018295,Great Indian Festival,SMS,1,1,1
CMP000999,CUST040887,Diwali Sale,Email,1,0,0
CMP001000,CUST043162,Great Indian Festival,Email,1,1,0
CMP001001,CUST045097,Prime Day,SMS,1,1,0
CMP001002,CUST004755,Prime Day,Push,1,0,0
CMP001003,CUST049100,Prime Day,Push,0,1,0
CMP001004,CUST012856,Prime Day,Email,0,0,0
CMP001005,CUST021948,Great Indian Festival,SMS,0,1,0
CMP001006,CUST044489,Prime Day,Push,1,0,1
CMP001007,CUST028201,Great Indian Festival,Email,0,0,1
CMP001008,CUST024373,Diwali Sale,SMS,0,0,1
CMP001009,CUST013735,Diwali Sale,SMS,0,1,1
CMP001010,CUST007030,Prime Day,Email,1,1,1
CMP001011,CUST014096,Great Indian Festival,SMS,0,0,0
CMP001012,CUST022046,Diwali Sale,Push,1,1,0
CMP001013,CUST002814,Great Indian Festival,Email,1,1,1
CMP001014,CUST040496,Prime Day,Email,1,1,0
CMP001015,CUST041119,Prime Day,Push,0,1,1
CMP001016,CUST017088,Diwali Sale,Email,1,1,0
CMP001017,CUST047422,Prime Day,Email,0,0,0
CMP001018,CUST044551,Diwali Sale,SMS,0,1,0
CMP001019,CUST049541,Great Indian Festival,Push,0,0,1
CMP001020,CUST037885,Great Indian Festival,Email,1,0,1
CMP001021,CUST024919,Prime Day,Email,0,1,0
CMP001022,CUST023896,Great Indian Festival,Push,1,1,1
CMP001023,CUST037763,Prime Day,Push,0,1,0
CMP001024,CUST022348,Great Indian Festival,Push,1,0,0
CMP001025,CUST006658,Diwali Sale,Push,0,0,0
CMP001026,CUST011208,Diwali Sale,SMS,1,1,0
CMP001027,CUST004912,Great Indian Festival,Push,0,1,0
CMP001028,CUST027119,Diwali Sale,Push,0,0,1
CMP001029,CUST040511,Diwali Sale,Push,0,1,0
CMP001030,CUST016470,Diwali Sale,Email,0,0,1
CMP001031,CUST025434,Prime Day,SMS,1,1,0
CMP001032,CUST025818,Prime Day,Push,1,1,1
CMP001033,CUST036133,Prime Day,Push,0,1,0
CMP001034,CUST019302,Diwali Sale,Push,0,0,1
CMP001035,CUST042020,Diwali Sale,Email,0,1,1
CMP001036,CUST007722,Great Indian Festival,SMS,1,1,0
CMP001037,CUST003754,Diwali Sale,SMS,0,0,1
CMP001038,CUST027655,Prime Day,Push,1,1,0
CMP001039,CUST037932,Great Indian Festival,Push,0,1,0
CMP001040,CUST020877,Prime Day,Push,1,0,1
CMP001041,CUST037101,Diwali Sale,Email,0,1,0
CMP001042,CUST028695,Prime Day,SMS,0,1,1
CMP001043,CUST035165,Prime Day,Push,1,1,0
CMP001044,CUST019239,Prime Day,Push,0,1,1
CMP001045,CUST043950,Prime Day,Push,1,1,1
CMP001046,CUST036602,Prime Day,Push,1,0,1
CMP001047,CUST037607,Diwali Sale,Email,1,0,1
CMP001048,CUST009738,Prime Day,Push,0,1,0
CMP001049,CUST027745,Great Indian Festival,SMS,0,1,1
CMP001050,CUST012268,Prime Day,SMS,1,0,1
CMP001051,CUST043493,Prime Day,SMS,1,1,1
CMP001052,CUST013807,Prime Day,SMS,0,0,0
CMP001053,CUST013424,Prime Day,Email,1,0,1
CMP001054,CUST012383,Prime Day,Email,1,0,0
CMP001055,CUST015863,Diwali Sale,Push,1,0,1
CMP001056,CUST040789,Great Indian Festival,Push,1,0,0
CMP001057,CUST035396,Great Indian Festival,SMS,1,1,0
CMP001058,CUST029336,Great Indian Festival,Email,0,0,0
CMP001059,CUST035444,Prime Day,Push,1,0,0
CMP001060,CUST029500,Great Indian Festival,Email,1,0,0
CMP001061,CUST004121,Diwali Sale,Email,1,0,0
CMP001062,CUST037837,Great Indian Festival,Email,0,1,1
CMP001063,CUST038244,Prime Day,Email,0,1,1
CMP001064,CUST027689,Diwali Sale,SMS,0,0,0
CMP001065,CUST004558,Great Indian Festival,SMS,1,1,1
CMP001066,CUST020724,Great Indian Festival,Email,0,1,1
CMP001067,CUST048157,Great Indian Festival,Push,0,1,0
CMP001068,CUST047830,Great Indian Festival,Email,1,0,0
CMP001069,CUST047104,Prime Day,SMS,1,0,0
CMP001070,CUST003864,Prime Day,Email,1,1,1
CMP001071,CUST020644,Diwali Sale,Push,0,0,0
CMP001072,CUST024002,Prime Day,Push,0,0,0
CMP001073,CUST002132,Great Indian Festival,Email,1,1,1
CMP001074,CUST045612,Great Indian Festival,Email,0,1,1
CMP001075,CUST024817,Diwali Sale,SMS,1,1,1
CMP001076,CUST047859,Prime Day,Email,1,0,0
CMP001077,CUST027045,Diwali Sale,SMS,1,1,1
CMP001078,CUST000703,Great Indian Festival,SMS,0,0,1
CMP001079,CUST000457,Great Indian Festival,Email,1,0,1
CMP001080,CUST008990,Diwali Sale,Push,1,0,1
CMP001081,CUST006766,Prime Day,SMS,1,0,1
CMP001082,CUST027683,Prime Day,Email,0,0,0
CMP001083,CUST040183,Prime Day,Email,1,1,0
CMP001084,CUST003860,Great Indian Festival,SMS,0,1,0
CMP001085,CUST043276,Diwali Sale,SMS,0,0,0
CMP001086,CUST000491,Prime Day,SMS,1,0,0
CMP001087,CUST014715,Great Indian Festival,Push,0,1,0
CMP001088,CUST047035,Great Indian Festival,SMS,1,1,1
CMP001089,CUST019300,Prime Day,Email,1,1,0
CMP001090,CUST033169,Diwali Sale,Email,0,0,0
CMP001091,CUST041050,Prime Day,Email,1,0,1
CMP001092,CUST037960,Diwali Sale,Email,0,1,0
