Ticket_ID,Customer_ID,Order_ID,Issue,Priority,Status
TKT000001,CUST004476,ORD0132705,Wrong Item,Medium,Closed
TKT000002,CUST040983,ORD0071108,Damage,Medium,Pending
TKT000003,CUST041859,ORD0146871,Damage,Medium,Closed
TKT000004,CUST011749,ORD0129408,Wrong Item,High,Open
TKT000005,CUST025407,ORD0174029,Damage,Low,Open
TKT000006,CUST040535,ORD0083029,Damage,High,Pending
TKT000007,CUST026168,ORD0070430,Wrong Item,High,Open
TKT000008,CUST019471,ORD0102529,Refund,Medium,Open
TKT000009,CUST029285,ORD0043578,Wrong Item,Medium,Pending
TKT000010,CUST038218,ORD0112748,Damage,High,Pending
TKT000011,CUST018494,ORD0168555,Refund,Medium,Open
TKT000012,CUST047756,ORD0169312,Late Delivery,Low,Closed
TKT000013,CUST005563,ORD0022269,Damage,Medium,Closed
TKT000014,CUST036101,ORD0002718,Wrong Item,High,Pending
TKT000015,CUST046332,ORD0136453,Damage,High,Pending
TKT000016,CUST019322,ORD0093030,Refund,Medium,Closed
TKT000017,CUST037163,ORD0026997,Refund,Medium,Open
TKT000018,CUST008439,ORD0027047,Damage,Low,Open
TKT000019,CUST013650,ORD0188479,Refund,High,Open
TKT000020,CUST032450,ORD0106970,Late Delivery,High,Pending
TKT000021,CUST040189,ORD0095612,Wrong Item,Low,Pending
TKT000022,CUST037222,ORD0112839,Late Delivery,High,Closed
TKT000023,CUST022347,ORD0148671,Wrong Item,Low,Open
TKT000024,CUST047218,ORD0160145,Refund,Low,Closed
TKT000025,CUST000878,ORD0001082,Refund,Low,Pending
TKT000026,CUST024908,ORD0174414,Wrong Item,Medium,Open
TKT000027,CUST018232,ORD0157864,Refund,Medium,Open
TKT000028,CUST033596,ORD0185947,Wrong Item,High,Closed
TKT000029,CUST023756,ORD0002964,Late Delivery,Medium,Pending
TKT000030,CUST038808,ORD0056641,Refund,High,Closed
TKT000031,CUST004088,ORD0095840,Late Delivery,Low,Closed
TKT000032,CUST035675,ORD0088942,Damage,High,Pending
TKT000033,CUST006724,ORD0016290,Late Delivery,Low,Pending
TKT000034,CUST002015,ORD0198448,Wrong Item,Low,Closed
TKT000035,CUST045018,ORD0124762,Refund,Medium,Closed
TKT000036,CUST029127,ORD0075828,Wrong Item,Medium,Closed
TKT000037,CUST039895,ORD0078502,Damage,Medium,Open
TKT000038,CUST043253,ORD0011130,Damage,High,Open
TKT000039,CUST048125,ORD0069135,Damage,Medium,Open
TKT000040,CUST035314,ORD0067584,Damage,Low,Pending
TKT000041,CUST022427,ORD0017875,Damage,Medium,Closed
TKT000042,CUST021145,ORD0038725,Refund,Medium,Closed
TKT000043,CUST021330,ORD0005397,Wrong Item,High,Closed
TKT000044,CUST019047,ORD0138350,Damage,Low,Open
TKT000045,CUST004486,ORD0198367,Refund,High,Pending
TKT000046,CUST020199,ORD0154555,Wrong Item,High,Pending
TKT000047,CUST010282,ORD0174126,Wrong Item,Medium,Pending
TKT000048,CUST021173,ORD0063670,Wrong Item,Medium,Pending
TKT000049,CUST017875,ORD0006853,Refund,High,Closed
TKT000050,CUST042242,ORD0090221,Refund,Medium,Pending
TKT000051,CUST004307,ORD0116196,Damage,High,Closed
TKT000052,CUST029143,ORD0061244,Refund,Medium,Pending
TKT000053,CUST023589,ORD0025052,Late Delivery,Low,Open
TKT000054,CUST021746,ORD0093389,Wrong Item,High,Pending
TKT000055,CUST036470,ORD0133025,Refund,Medium,Open
TKT000056,CUST021765,ORD0152256,Refund,High,Closed
TKT000057,CUST019834,ORD0043291,Wrong Item,High,Pending
TKT000058,CUST047447,ORD0096311,Damage,High,Pending
TKT000059,CUST002012,ORD0097331,Refund,Low,Open
TKT000060,CUST037139,ORD0039485,Damage,High,Closed
TKT000061,CUST010074,ORD0015486,Damage,High,Closed
TKT000062,CUST015685,ORD0111398,Wrong Item,Medium,Open
TKT000063,CUST004186,ORD0158387,Damage,Medium,Pending
TKT000064,CUST022756,ORD0176460,Damage,Medium,Pending
TKT000065,CUST033520,ORD0051841,Wrong Item,Low,Pending
TKT000066,CUST018970,ORD0143295,Late Delivery,Low,Closed
TKT000067,CUST015627,ORD0196923,Wrong Item,Low,Pending
TKT000068,CUST047984,ORD0187813,Damage,Medium,Open
TKT000069,CUST026886,ORD0149327,Damage,High,Closed
TKT000070,CUST004129,ORD0072610,Wrong Item,Medium,Pending
TKT000071,CUST010096,ORD0103196,Wrong Item,Low,Closed
TKT000072,CUST005356,ORD0102938,Late Delivery,Low,Closed
TKT000073,CUST034628,ORD0012479,Damage,Medium,Pending
TKT000074,CUST020664,ORD0145327,Damage,Low,Closed
TKT000075,CUST033659,ORD0085744,Late Delivery,Medium,Pending
TKT000076,CUST016547,ORD0004482,Wrong Item,Low,Open
TKT000077,CUST026460,ORD0061665,Refund,Low,Pending
TKT000078,CUST003641,ORD0058245,Refund,High,Closed
TKT000079,CUST020594,ORD0137425,Late Delivery,High,Closed
TKT000080,CUST023006,ORD0087547,Refund,Medium,Closed
TKT000081,CUST010781,ORD0178826,Wrong Item,Low,Pending
TKT000082,CUST010837,ORD0172149,Damage,High,Closed
TKT000083,CUST023370,ORD0032152,Wrong Item,Medium,Open
TKT000084,CUST001566,ORD0093342,Damage,High,Open
TKT000085,CUST043235,ORD0198244,Refund,Medium,Open
TKT000086,CUST028585,ORD0145734,Damage,Low,Pending
TKT000087,CUST007852,ORD0115754,Damage,High,Open
TKT000088,CUST028468,ORD0111551,Damage,Low,Closed
TKT000089,CUST022442,ORD0108741,Damage,High,Closed
TKT000090,CUST026277,ORD0123002,Late Delivery,High,Pending
TKT000091,CUST038140,ORD0119739,Damage,High,Open
TKT000092,CUST008152,ORD0139872,Refund,Medium,Closed
TKT000093,CUST023222,ORD0004824,Damage,Low,Open
TKT000094,CUST021377,ORD0044411,Refund,Low,Pending
TKT000095,CUST022229,ORD0127994,Damage,Low,Pending
TKT000096,CUST001107,ORD0046257,Refund,High,Closed
TKT000097,CUST006853,ORD0096478,Damage,High,Pending
TKT000098,CUST016548,ORD0189837,Late Delivery,Medium,Open
TKT000099,CUST044126,ORD0177771,Damage,Medium,Pending
TKT000100,CUST034648,ORD0015578,Refund,Medium,Closed
TKT000101,CUST002968,ORD0149253,Wrong Item,Low,Closed
TKT000102,CUST012178,ORD0081336,Damage,High,Pending
TKT000103,CUST027808,ORD0040866,Refund,Low,Pending
TKT000104,CUST016358,ORD0161781,Damage,Medium,Open
TKT000105,CUST003908,ORD0153117,Damage,Low,Closed
TKT000106,CUST001402,ORD0055747,Late Delivery,Low,Pending
TKT000107,CUST013015,ORD0006470,Wrong Item,Medium,Closed
TKT000108,CUST010553,ORD0166362,Refund,Low,Closed
TKT000109,CUST045729,ORD0168099,Damage,Low,Pending
TKT000110,CUST023484,ORD0017708,Wrong Item,Low,Open
TKT000111,CUST041080,ORD0041605,Damage,Low,Closed
TKT000112,CUST014947,ORD0077891,Late Delivery,High,Open
TKT000113,CUST028019,ORD0182455,Damage,Low,Closed
TKT000114,CUST008568,ORD0130672,Refund,Low,Open
TKT000115,CUST043730,ORD0042803,Damage,Medium,Open
TKT000116,CUST008369,ORD0131063,Refund,Medium,Open
TKT000117,CUST048213,ORD0024551,Late Delivery,Low,Closed
TKT000118,CUST002463,ORD0094936,Late Delivery,Medium,Pending
TKT000119,CUST032425,ORD0163560,Damage,Medium,Pending
TKT000120,CUST039234,ORD0015978,Refund,High,Open
TKT000121,CUST034807,ORD0066122,Late Delivery,Medium,Open
TKT000122,CUST006877,ORD0000116,Damage,High,Open
TKT000123,CUST018348,ORD0033745,Late Delivery,High,Pending
TKT000124,CUST009889,ORD0009154,Damage,Low,Closed
TKT000125,CUST020850,ORD0084454,Refund,High,Pending
TKT000126,CUST042962,ORD0162887,Wrong Item,Low,Pending
TKT000127,CUST019912,ORD0017853,Damage,High,Open
TKT000128,CUST022828,ORD0100841,Damage,High,Open
TKT000129,CUST036150,ORD0124835,Late Delivery,Medium,Open
TKT000130,CUST011606,ORD0146857,Damage,High,Closed
TKT000131,CUST014751,ORD0016564,Wrong Item,Low,Open
TKT000132,CUST035237,ORD0140064,Refund,Medium,Pending
TKT000133,CUST029818,ORD0136450,Damage,Medium,Closed
TKT000134,CUST008661,ORD0060724,Late Delivery,Low,Closed
TKT000135,CUST018636,ORD0089683,Wrong Item,Low,Open
TKT000136,CUST036249,ORD0095776,Late Delivery,High,Open
TKT000137,CUST049209,ORD0081433,Damage,Medium,Open
TKT000138,CUST017272,ORD0082690,Wrong Item,Medium,Open
TKT000139,CUST036615,ORD0116695,Damage,Medium,Pending
TKT000140,CUST008910,ORD0008083,Refund,Low,Pending
TKT000141,CUST019985,ORD0064030,Refund,Medium,Closed
TKT000142,CUST040551,ORD0175466,Late Delivery,Medium,Open
TKT000143,CUST037506,ORD0187218,Damage,Low,Open
TKT000144,CUST008905,ORD0118599,Damage,High,Pending
TKT000145,CUST026184,ORD0035044,Refund,Low,Open
TKT000146,CUST008586,ORD0138777,Refund,High,Pending
TKT000147,CUST005188,ORD0189825,Wrong Item,Medium,Open
TKT000148,CUST018381,ORD0146457,Wrong Item,Low,Pending
TKT000149,CUST030232,ORD0131835,Refund,Low,Open
TKT000150,CUST027587,ORD0152440,Damage,High,Open
TKT000151,CUST012414,ORD0012731,Refund,Low,Closed
TKT000152,CUST017269,ORD0116536,Wrong Item,Low,Open
TKT000153,CUST032179,ORD0150214,Refund,High,Pending
TKT000154,CUST008007,ORD0199616,Late Delivery,Medium,Closed
TKT000155,CUST012227,ORD0190356,Wrong Item,Low,Pending
TKT000156,CUST020766,ORD0037853,Damage,Low,Open
TKT000157,CUST018375,ORD0035796,Wrong Item,Medium,Closed
TKT000158,CUST009877,ORD0044895,Refund,Medium,Open
TKT000159,CUST013520,ORD0180665,Late Delivery,Low,Closed
TKT000160,CUST028796,ORD0172188,Late Delivery,Medium,Closed
TKT000161,CUST011586,ORD0081039,Late Delivery,Low,Closed
TKT000162,CUST030149,ORD0166086,Wrong Item,Low,Pending
TKT000163,CUST012740,ORD0168912,Late Delivery,High,Pending
TKT000164,CUST049255,ORD0074935,Late Delivery,Medium,Closed
TKT000165,CUST007401,ORD0098556,Refund,Low,Closed
TKT000166,CUST033225,ORD0060319,Damage,Low,Pending
TKT000167,CUST009517,ORD0144071,Damage,Medium,Open
TKT000168,CUST037401,ORD0057052,Wrong Item,Medium,Closed
TKT000169,CUST040492,ORD0079187,Wrong Item,Medium,Open
TKT000170,CUST045360,ORD0084613,Damage,Low,Closed
TKT000171,CUST023571,ORD0063371,Damage,Low,Pending
TKT000172,CUST045977,ORD0139983,Refund,High,Open
TKT000173,CUST049014,ORD0164106,Wrong Item,Low,Pending
TKT000174,CUST007515,ORD0028023,Damage,Low,Pending
TKT000175,CUST012933,ORD0146770,Refund,High,Pending
TKT000176,CUST004068,ORD0115861,Wrong Item,Medium,Closed
TKT000177,CUST045201,ORD0172861,Refund,Low,Pending
TKT000178,CUST022680,ORD0154956,Refund,Medium,Closed
TKT000179,CUST002711,ORD0122411,Wrong Item,Low,Open
TKT000180,CUST026680,ORD0048531,Damage,Medium,Pending
TKT000181,CUST036762,ORD0140124,Late Delivery,Low,Open
TKT000182,CUST041696,ORD0064266,Damage,Low,Pending
TKT000183,CUST003408,ORD0008158,Damage,Low,Open
TKT000184,CUST011104,ORD0050092,Wrong Item,Low,Open
TKT000185,CUST016170,ORD0181142,Wrong Item,High,Open
TKT000186,CUST013136,ORD0011096,Wrong Item,Medium,Closed
TKT000187,CUST041850,ORD0192535,Late Delivery,Low,Closed
TKT000188,CUST011903,ORD0187934,Refund,High,Open
TKT000189,CUST015702,ORD0199370,Damage,Medium,Closed
TKT000190,CUST042992,ORD0169861,Damage,High,Closed
TKT000191,CUST043705,ORD0046864,Damage,Medium,Closed
TKT000192,CUST014999,ORD0123402,Damage,Medium,Closed
TKT000193,CUST003703,ORD0169743,Late Delivery,Low,Closed
TKT000194,CUST004834,ORD0198719,Damage,High,Open
TKT000195,CUST023066,ORD0012962,Refund,Low,Closed
TKT000196,CUST024203,ORD0096978,Wrong Item,Medium,Open
TKT000197,CUST026228,ORD0180056,Damage,Medium,Open
TKT000198,CUST035638,ORD0005937,Wrong Item,High,Pending
TKT000199,CUST002993,ORD0164383,Wrong Item,High,Open
TKT000200,CUST003227,ORD0089119,Wrong Item,High,Open
TKT000201,CUST041577,ORD0041058,Late Delivery,Medium,Open
TKT000202,CUST036029,ORD0023042,Damage,High,Open
TKT000203,CUST042833,ORD0146255,Wrong Item,Medium,Closed
TKT000204,CUST033818,ORD0089670,Late Delivery,Medium,Open
TKT000205,CUST016754,ORD0021656,Damage,Medium,Open
TKT000206,CUST039594,ORD0122168,Damage,High,Pending
TKT000207,CUST017476,ORD0006510,Refund,Low,Closed
TKT000208,CUST036513,ORD0059718,Late Delivery,High,Closed
TKT000209,CUST005014,ORD0172770,Refund,Low,Closed
TKT000210,CUST001199,ORD0102103,Wrong Item,High,Closed
TKT000211,CUST003795,ORD0010774,Damage,Low,Pending
TKT000212,CUST039495,ORD0172814,Wrong Item,Medium,Open
TKT000213,CUST046890,ORD0135663,Refund,High,Pending
TKT000214,CUST019526,ORD0052202,Refund,Medium,Closed
TKT000215,CUST003032,ORD0039089,Damage,Low,Closed
TKT000216,CUST018781,ORD0089318,Refund,Low,Closed
TKT000217,CUST021055,ORD0158221,Wrong Item,High,Closed
TKT000218,CUST007843,ORD0029542,Refund,Low,Open
TKT000219,CUST035103,ORD0095902,Late Delivery,Medium,Open
TKT000220,CUST038004,ORD0171222,Wrong Item,High,Closed
TKT000221,CUST044205,ORD0146274,Wrong Item,Low,Open
TKT000222,CUST022097,ORD0139614,Damage,Low,Closed
TKT000223,CUST038106,ORD0049901,Refund,High,Closed
TKT000224,CUST014463,ORD0159132,Late Delivery,Low,Closed
TKT000225,CUST030517,ORD0080925,Wrong Item,Medium,Open
TKT000226,CUST027958,ORD0101983,Wrong Item,High,Pending
TKT000227,CUST014344,ORD0014516,Refund,High,Pending
TKT000228,CUST008874,ORD0188658,Wrong Item,Low,Closed
TKT000229,CUST000361,ORD0162334,Wrong Item,Low,Closed
TKT000230,CUST027746,ORD0079308,Wrong Item,High,Open
TKT000231,CUST009230,ORD0089224,Wrong Item,Medium,Pending
TKT000232,CUST026567,ORD0038271,Wrong Item,Medium,Pending
TKT000233,CUST015008,ORD0047806,Late Delivery,Low,Closed
TKT000234,CUST005115,ORD0014639,Late Delivery,Low,Closed
TKT000235,CUST032117,ORD0022391,Refund,Low,Pending
TKT000236,CUST030756,ORD0082431,Damage,High,Closed
TKT000237,CUST017778,ORD0032060,Damage,High,Pending
TKT000238,CUST006503,ORD0177396,Damage,High,Closed
TKT000239,CUST009272,ORD0078927,Refund,High,Pending
TKT000240,CUST039305,ORD0105624,Late Delivery,Medium,Closed
TKT000241,CUST021649,ORD0175392,Refund,Medium,Open
TKT000242,CUST039389,ORD0175553,Wrong Item,Low,Pending
TKT000243,CUST023680,ORD0038821,Late Delivery,Low,Open
TKT000244,CUST042622,ORD0124629,Late Delivery,Low,Pending
TKT000245,CUST025197,ORD0108551,Refund,Low,Pending
TKT000246,CUST044143,ORD0079657,Wrong Item,Medium,Closed
TKT000247,CUST047203,ORD0110960,Refund,Medium,Pending
TKT000248,CUST014123,ORD0111820,Damage,Medium,Closed
TKT000249,CUST021903,ORD0096832,Refund,High,Pending
TKT000250,CUST043294,ORD0171083,Refund,High,Pending
TKT000251,CUST043781,ORD0140495,Refund,High,Closed
TKT000252,CUST037140,ORD0077383,Late Delivery,High,Pending
TKT000253,CUST031326,ORD0051381,Refund,Medium,Open
TKT000254,CUST020650,ORD0013394,Late Delivery,Medium,Closed
TKT000255,CUST044448,ORD0114327,Wrong Item,Low,Pending
TKT000256,CUST015037,ORD0139151,Late Delivery,Medium,Open
TKT000257,CUST049174,ORD0074037,Wrong Item,Medium,Open
TKT000258,CUST003057,ORD0106208,Wrong Item,Medium,Open
TKT000259,CUST033573,ORD0193670,Wrong Item,Medium,Open
TKT000260,CUST048119,ORD0147111,Damage,Low,Closed
TKT000261,CUST019011,ORD0075563,Wrong Item,Low,Open
TKT000262,CUST014495,ORD0182461,Refund,Medium,Pending
TKT000263,CUST043646,ORD0064715,Refund,Medium,Pending
TKT000264,CUST001347,ORD0094244,Damage,High,Closed
TKT000265,CUST017262,ORD0156569,Wrong Item,Medium,Closed
TKT000266,CUST012163,ORD0058118,Wrong Item,Low,Pending
TKT000267,CUST024905,ORD0026777,Late Delivery,Medium,Closed
TKT000268,CUST008826,ORD0114625,Wrong Item,Low,Closed
TKT000269,CUST030466,ORD0037917,Refund,Low,Closed
TKT000270,CUST011078,ORD0119138,Refund,High,Closed
TKT000271,CUST003556,ORD0043230,Wrong Item,Low,Pending
TKT000272,CUST023624,ORD0061085,Late Delivery,Medium,Open
TKT000273,CUST032210,ORD0112397,Late Delivery,High,Closed
TKT000274,CUST010526,ORD0181866,Wrong Item,Medium,Pending
TKT000275,CUST036894,ORD0105984,Refund,High,Open
TKT000276,CUST008170,ORD0133256,Late Delivery,High,Pending
TKT000277,CUST024417,ORD0187557,Late Delivery,Medium,Open
TKT000278,CUST032699,ORD0058323,Wrong Item,Low,Pending
TKT000279,CUST001549,ORD0098332,Refund,Medium,Pending
TKT000280,CUST013219,ORD0037022,Refund,High,Open
TKT000281,CUST025964,ORD0181874,Wrong Item,High,Pending
TKT000282,CUST005481,ORD0176853,Damage,High,Pending
TKT000283,CUST025702,ORD0039462,Late Delivery,High,Pending
TKT000284,CUST005664,ORD0066564,Refund,High,Open
TKT000285,CUST022208,ORD0017151,Refund,Medium,Closed
TKT000286,CUST032803,ORD0019086,Late Delivery,High,Pending
TKT000287,CUST026019,ORD0115980,Late Delivery,Medium,Open
TKT000288,CUST036622,ORD0123193,Late Delivery,High,Pending
TKT000289,CUST047593,ORD0194143,Late Delivery,Low,Pending
TKT000290,CUST007661,ORD0028091,Refund,Low,Closed
TKT000291,CUST029100,ORD0176145,Refund,High,Open
TKT000292,CUST032848,ORD0096344,Refund,High,Pending
TKT000293,CUST048565,ORD0021139,Late Delivery,High,Closed
TKT000294,CUST009536,ORD0064965,Late Delivery,High,Open
TKT000295,CUST046138,ORD0072589,Damage,High,Pending
TKT000296,CUST014795,ORD0176765,Damage,High,Open
TKT000297,CUST011481,ORD0116830,Damage,Low,Open
TKT000298,CUST038454,ORD0072198,Wrong Item,Low,Closed
TKT000299,CUST043264,ORD0132742,Damage,Medium,Pending
TKT000300,CUST040775,ORD0166867,Damage,High,Pending
TKT000301,CUST032370,ORD0145870,Damage,Low,Open
TKT000302,CUST001790,ORD0086271,Wrong Item,Medium,Closed
TKT000303,CUST025625,ORD0176574,Late Delivery,Medium,Closed
TKT000304,CUST016654,ORD0026358,Late Delivery,Medium,Pending
TKT000305,CUST023222,ORD0055581,Damage,Low,Pending
TKT000306,CUST030319,ORD0111203,Wrong Item,High,Open
TKT000307,CUST047940,ORD0085491,Refund,Low,Open
TKT000308,CUST034968,ORD0122016,Damage,Medium,Open
TKT000309,CUST039973,ORD0111804,Refund,Low,Open
TKT000310,CUST011784,ORD0159917,Wrong Item,Medium,Closed
TKT000311,CUST020748,ORD0167135,Damage,Low,Pending
TKT000312,CUST017013,ORD0198059,Wrong Item,High,Open
TKT000313,CUST002686,ORD0173569,Wrong Item,Medium,Pending
TKT000314,CUST020333,ORD0138945,Refund,Medium,Closed
TKT000315,CUST022327,ORD0145338,Wrong Item,Low,Pending
TKT000316,CUST043919,ORD0049502,Damage,Low,Closed
TKT000317,CUST030501,ORD0102684,Wrong Item,Medium,Pending
TKT000318,CUST007593,ORD0058288,Wrong Item,Medium,Open
TKT000319,CUST025272,ORD0122826,Refund,Medium,Closed
TKT000320,CUST029154,ORD0144156,Wrong Item,Medium,Pending
TKT000321,CUST022743,ORD0143319,Damage,High,Open
TKT000322,CUST014452,ORD0194771,Refund,Low,Pending
TKT000323,CUST018893,ORD0161221,Late Delivery,Medium,Pending
TKT000324,CUST013714,ORD0094894,Refund,Low,Open
TKT000325,CUST038290,ORD0066106,Wrong Item,Medium,Closed
TKT000326,CUST040836,ORD0153526,Wrong Item,Low,Pending
TKT000327,CUST000855,ORD0164683,Late Delivery,Low,Pending
TKT000328,CUST001439,ORD0148647,Refund,Low,Closed
TKT000329,CUST033891,ORD0010345,Wrong Item,High,Closed
TKT000330,CUST004693,ORD0107897,Late Delivery,Low,Closed
TKT000331,CUST010754,ORD0163987,Wrong Item,Low,Closed
TKT000332,CUST036341,ORD0037850,Wrong Item,Low,Pending
TKT000333,CUST003208,ORD0163500,Late Delivery,High,Closed
TKT000334,CUST008988,ORD0026685,Damage,High,Pending
TKT000335,CUST000635,ORD0055475,Late Delivery,Low,Open
TKT000336,CUST037038,ORD0108888,Damage,Low,Closed
TKT000337,CUST000446,ORD0154729,Wrong Item,Low,Closed
TKT000338,CUST018237,ORD0113339,Late Delivery,High,Closed
TKT000339,CUST013821,ORD0005403,Refund,Low,Open
TKT000340,CUST013002,ORD0072237,Refund,Medium,Open
TKT000341,CUST036302,ORD0128758,Late Delivery,Low,Closed
TKT000342,CUST002392,ORD0037583,Refund,Medium,Pending
TKT000343,CUST023901,ORD0053084,Late Delivery,Medium,Closed
TKT000344,CUST003872,ORD0177399,Damage,High,Pending
TKT000345,CUST043650,ORD0001828,Late Delivery,Medium,Open
TKT000346,CUST048410,ORD0107884,Wrong Item,Low,Open
TKT000347,CUST016997,ORD0187160,Wrong Item,Low,Pending
TKT000348,CUST000428,ORD0144545,Damage,Low,Pending
TKT000349,CUST003210,ORD0196960,Wrong Item,Medium,Pending
TKT000350,CUST042620,ORD0044639,Late Delivery,Low,Open
TKT000351,CUST038835,ORD0076232,Wrong Item,Low,Open
TKT000352,CUST008370,ORD0190876,Refund,Medium,Pending
TKT000353,CUST047267,ORD0174682,Late Delivery,High,Pending
TKT000354,CUST037728,ORD0149752,Late Delivery,Low,Closed
TKT000355,CUST035375,ORD0098080,Wrong Item,Medium,Open
TKT000356,CUST010352,ORD0078853,Damage,Medium,Pending
TKT000357,CUST012227,ORD0132316,Damage,High,Open
TKT000358,CUST032220,ORD0071267,Damage,Medium,Open
TKT000359,CUST007645,ORD0084031,Refund,Low,Open
TKT000360,CUST020537,ORD0056539,Late Delivery,High,Closed
TKT000361,CUST032097,ORD0074780,Late Delivery,Medium,Open
TKT000362,CUST029012,ORD0136395,Wrong Item,Low,Open
TKT000363,CUST017050,ORD0150900,Damage,Medium,Open
TKT000364,CUST029696,ORD0106025,Wrong Item,Medium,Pending
TKT000365,CUST046619,ORD0138259,Late Delivery,Medium,Closed
TKT000366,CUST004455,ORD0069848,Late Delivery,High,Open
TKT000367,CUST008447,ORD0005967,Damage,High,Pending
TKT000368,CUST004853,ORD0046063,Damage,High,Open
TKT000369,CUST013774,ORD0157593,Refund,Medium,Open
TKT000370,CUST034458,ORD0189528,Damage,High,Open
TKT000371,CUST047174,ORD0177694,Late Delivery,Low,Open
TKT000372,CUST030554,ORD0198073,Wrong Item,Medium,Closed
TKT000373,CUST030053,ORD0102201,Refund,High,Closed
TKT000374,CUST025545,ORD0107852,Wrong Item,High,Open
TKT000375,CUST048836,ORD0121080,Refund,Low,Open
TKT000376,CUST037678,ORD0016665,Late Delivery,Low,Pending
TKT000377,CUST018171,ORD0190826,Damage,Low,Closed
TKT000378,CUST032917,ORD0020745,Damage,Medium,Open
TKT000379,CUST001794,ORD0162323,Damage,High,Pending
TKT000380,CUST000228,ORD0060867,Late Delivery,Medium,Pending
TKT000381,CUST046965,ORD0127865,Late Delivery,High,Closed
TKT000382,CUST017460,ORD0155428,Wrong Item,Medium,Pending
TKT000383,CUST036852,ORD0093680,Late Delivery,High,Pending
TKT000384,CUST035345,ORD0049823,Wrong Item,Low,Open
TKT000385,CUST027074,ORD0040456,Late Delivery,Low,Open
TKT000386,CUST009996,ORD0180926,Wrong Item,Medium,Closed
TKT000387,CUST049429,ORD0066665,Damage,Low,Pending
TKT000388,CUST016863,ORD0053140,Refund,Medium,Closed
TKT000389,CUST024697,ORD0100559,Wrong Item,Low,Pending
TKT000390,CUST034761,ORD0099259,Refund,Medium,Pending
TKT000391,CUST034420,ORD0086894,Late Delivery,Medium,Pending
TKT000392,CUST011420,ORD0176646,Damage,Low,Closed
TKT000393,CUST010742,ORD0032564,Refund,High,Open
TKT000394,CUST020737,ORD0046650,Refund,Low,Open
TKT000395,CUST022884,ORD0094079,Late Delivery,High,Closed
TKT000396,CUST031062,ORD0099256,Late Delivery,Low,Closed
TKT000397,CUST030870,ORD0050769,Damage,Medium,Closed
TKT000398,CUST007053,ORD0082076,Refund,Medium,Open
TKT000399,CUST031673,ORD0100217,Wrong Item,Medium,Open
TKT000400,CUST036384,ORD0186403,Damage,Medium,Pending
TKT000401,CUST030107,ORD0019639,Wrong Item,Medium,Pending
TKT000402,CUST011120,ORD0069163,Damage,Medium,Closed
TKT000403,CUST026844,ORD0139107,Refund,High,Closed
TKT000404,CUST012794,ORD0031629,Refund,Medium,Closed
TKT000405,CUST048329,ORD0022328,Late Delivery,High,Closed
TKT000406,CUST024258,ORD0158946,Late Delivery,Medium,Open
TKT000407,CUST039377,ORD0029327,Late Delivery,Medium,Closed
TKT000408,CUST011301,ORD0097744,Damage,Medium,Open
TKT000409,CUST031146,ORD0118395,Damage,High,Pending
TKT000410,CUST028559,ORD0153414,Damage,Medium,Pending
TKT000411,CUST045073,ORD0130402,Refund,High,Open
TKT000412,CUST004453,ORD0176067,Damage,Low,Pending
TKT000413,CUST012244,ORD0029044,Wrong Item,High,Open
TKT000414,CUST008431,ORD0158062,Late Delivery,Low,Pending
TKT000415,CUST000471,ORD0179913,Wrong Item,High,Closed
TKT000416,CUST008094,ORD0040145,Late Delivery,High,Closed
TKT000417,CUST047291,ORD0074503,Refund,Medium,Open
TKT000418,CUST047857,ORD0140039,Damage,High,Closed
TKT000419,CUST021806,ORD0017506,Refund,Medium,Pending
TKT000420,CUST019365,ORD0043804,Refund,High,Open
TKT000421,CUST020596,ORD0077813,Late Delivery,High,Pending
TKT000422,CUST022896,ORD0190824,Late Delivery,Medium,Closed
TKT000423,CUST033626,ORD0152378,Refund,Low,Closed
TKT000424,CUST022629,ORD0132197,Refund,High,Closed
TKT000425,CUST027065,ORD0126903,Damage,Medium,Pending
TKT000426,CUST021280,ORD0082070,Late Delivery,High,Open
TKT000427,CUST015686,ORD0148214,Damage,Low,Open
TKT000428,CUST006698,ORD0105225,Damage,Medium,Open
TKT000429,CUST017173,ORD0143230,Damage,Medium,Pending
TKT000430,CUST049495,ORD0054298,Refund,High,Open
TKT000431,CUST019430,ORD0158295,Damage,Medium,Open
TKT000432,CUST016847,ORD0092250,Late Delivery,Medium,Open
TKT000433,CUST011592,ORD0112252,Late Delivery,Low,Closed
TKT000434,CUST037225,ORD0131649,Late Delivery,Low,Open
TKT000435,CUST042320,ORD0194978,Wrong Item,High,Closed
TKT000436,CUST041288,ORD0162108,Refund,High,Closed
TKT000437,CUST017947,ORD0009357,Late Delivery,High,Closed
TKT000438,CUST014238,ORD0015932,Wrong Item,High,Closed
TKT000439,CUST010003,ORD0184325,Damage,Low,Pending
TKT000440,CUST034813,ORD0117358,Late Delivery,High,Pending
TKT000441,CUST048219,ORD0071638,Refund,Medium,Pending
TKT000442,CUST006347,ORD0195858,Refund,Medium,Pending
TKT000443,CUST047791,ORD0079182,Wrong Item,Medium,Open
TKT000444,CUST023443,ORD0178222,Late Delivery,Medium,Pending
TKT000445,CUST000220,ORD0039308,Damage,Medium,Closed
TKT000446,CUST039234,ORD0111716,Wrong Item,Medium,Open
TKT000447,CUST047618,ORD0032199,Late Delivery,Low,Closed
TKT000448,CUST019984,ORD0021334,Refund,Medium,Pending
TKT000449,CUST013010,ORD0098971,Late Delivery,Medium,Pending
TKT000450,CUST040693,ORD0186649,Refund,Medium,Pending
TKT000451,CUST036764,ORD0120762,Wrong Item,Medium,Pending
TKT000452,CUST032533,ORD0053768,Wrong Item,High,Closed
TKT000453,CUST043143,ORD0047335,Damage,Low,Pending
TKT000454,CUST034910,ORD0031777,Late Delivery,Medium,Open
TKT000455,CUST045101,ORD0117844,Wrong Item,Low,Closed
TKT000456,CUST020485,ORD0174490,Damage,Low,Closed
TKT000457,CUST023292,ORD0149693,Damage,Low,Pending
TKT000458,CUST047428,ORD0145658,Late Delivery,Low,Closed
TKT000459,CUST010394,ORD0164258,Late Delivery,Medium,Open
TKT000460,CUST039881,ORD0033133,Damage,Low,Open
TKT000461,CUST042126,ORD0003009,Wrong Item,High,Closed
TKT000462,CUST041850,ORD0118775,Damage,High,Open
TKT000463,CUST007734,ORD0050302,Damage,Medium,Open
TKT000464,CUST043446,ORD0134355,Wrong Item,Medium,Pending
TKT000465,CUST009992,ORD0005333,Damage,High,Open
TKT000466,CUST015546,ORD0183746,Refund,Low,Closed
TKT000467,CUST032163,ORD0158685,Wrong Item,High,Open
TKT000468,CUST048930,ORD0093065,Wrong Item,Low,Pending
TKT000469,CUST019991,ORD0009474,Refund,High,Open
TKT000470,CUST012335,ORD0088082,Refund,Low,Closed
TKT000471,CUST006132,ORD0079711,Damage,Low,Open
TKT000472,CUST031357,ORD0146550,Late Delivery,Low,Pending
TKT000473,CUST011699,ORD0081651,Damage,Low,Pending
TKT000474,CUST033501,ORD0143428,Wrong Item,High,Closed
TKT000475,CUST024279,ORD0064443,Late Delivery,Medium,Closed
TKT000476,CUST033331,ORD0091980,Damage,Medium,Closed
TKT000477,CUST037243,ORD0157890,Late Delivery,Medium,Closed
TKT000478,CUST017063,ORD0174568,Damage,Low,Closed
TKT000479,CUST006361,ORD0103356,Late Delivery,Medium,Pending
TKT000480,CUST009654,ORD0197647,Damage,High,Open
TKT000481,CUST036386,ORD0122965,Refund,Medium,Pending
TKT000482,CUST039480,ORD0026003,Late Delivery,High,Closed
TKT000483,CUST046809,ORD0044810,Damage,Medium,Closed
TKT000484,CUST025762,ORD0145635,Wrong Item,Low,Pending
TKT000485,CUST028108,ORD0124992,Late Delivery,Low,Pending
TKT000486,CUST035729,ORD0159264,Late Delivery,Medium,Closed
TKT000487,CUST040150,ORD0195191,Refund,High,Pending
TKT000488,CUST010581,ORD0175209,Wrong Item,High,Open
TKT000489,CUST043600,ORD0068520,Refund,Low,Closed
TKT000490,CUST025550,ORD0123198,Refund,Low,Closed
TKT000491,CUST004071,ORD0062928,Late Delivery,High,Pending
TKT000492,CUST021855,ORD0181839,Refund,Medium,Closed
TKT000493,CUST032689,ORD0175688,Damage,Low,Closed
TKT000494,CUST039749,ORD0180485,Late Delivery,High,Pending
TKT000495,CUST036558,ORD0113842,Late Delivery,Medium,Closed
TKT000496,CUST043199,ORD0035857,Damage,Medium,Pending
TKT000497,CUST045397,ORD0060919,Refund,High,Closed
TKT000498,CUST026640,ORD0008613,Late Delivery,Medium,Pending
TKT000499,CUST032354,ORD0095487,Damage,High,Closed
TKT000500,CUST003336,ORD0196554,Refund,Low,Pending
TKT000501,CUST009370,ORD0020074,Wrong Item,Medium,Pending
TKT000502,CUST020785,ORD0100846,Wrong Item,High,Open
TKT000503,CUST000921,ORD0198833,Damage,Low,Pending
TKT000504,CUST010695,ORD0031472,Wrong Item,Low,Closed
TKT000505,CUST020052,ORD0064313,Damage,Low,Open
TKT000506,CUST019954,ORD0195285,Refund,High,Closed
TKT000507,CUST013852,ORD0181887,Wrong Item,High,Pending
TKT000508,CUST043708,ORD0144100,Refund,Medium,Pending
TKT000509,CUST016019,ORD0077729,Late Delivery,Medium,Open
TKT000510,CUST048454,ORD0141346,Damage,Low,Open
TKT000511,CUST015148,ORD0186371,Refund,Low,Closed
TKT000512,CUST027073,ORD0185719,Damage,High,Pending
TKT000513,CUST039932,ORD0002083,Wrong Item,High,Closed
TKT000514,CUST036478,ORD0046311,Damage,High,Open
TKT000515,CUST025728,ORD0164766,Damage,Low,Open
TKT000516,CUST006784,ORD0194402,Refund,Medium,Closed
TKT000517,CUST000964,ORD0006102,Damage,Medium,Open
TKT000518,CUST027007,ORD0185334,Wrong Item,Medium,Open
TKT000519,CUST013302,ORD0082368,Wrong Item,High,Closed
TKT000520,CUST006668,ORD0085177,Late Delivery,Low,Pending
TKT000521,CUST008348,ORD0001037,Late Delivery,Medium,Pending
TKT000522,CUST026981,ORD0022172,Late Delivery,High,Open
TKT000523,CUST035611,ORD0017194,Refund,Medium,Closed
TKT000524,CUST000053,ORD0139607,Late Delivery,High,Pending
TKT000525,CUST008917,ORD0050041,Refund,Medium,Pending
TKT000526,CUST014786,ORD0023700,Refund,Low,Pending
TKT000527,CUST024111,ORD0186701,Refund,Low,Open
TKT000528,CUST045918,ORD0144465,Wrong Item,High,Closed
TKT000529,CUST030195,ORD0047911,Late Delivery,Low,Pending
TKT000530,CUST029482,ORD0088120,Wrong Item,Medium,Pending
TKT000531,CUST018137,ORD0021133,Wrong Item,Low,Closed
TKT000532,CUST047504,ORD0069990,Damage,Medium,Open
TKT000533,CUST026589,ORD0094922,Late Delivery,Medium,Open
TKT000534,CUST041555,ORD0072287,Late Delivery,High,Open
TKT000535,CUST037668,ORD0184532,Late Delivery,Medium,Open
TKT000536,CUST048640,ORD0028534,Damage,High,Open
TKT000537,CUST040595,ORD0008607,Damage,High,Closed
TKT000538,CUST002612,ORD0166192,Late Delivery,Medium,Open
TKT000539,CUST025255,ORD0029525,Damage,High,Open
TKT000540,CUST001353,ORD0103076,Damage,High,Open
TKT000541,CUST047817,ORD0155169,Damage,Low,Pending
TKT000542,CUST042645,ORD0135439,Refund,Low,Pending
TKT000543,CUST049823,ORD0049720,Late Delivery,Low,Open
TKT000544,CUST011946,ORD0194443,Refund,Medium,Pending
TKT000545,CUST029744,ORD0136374,Late Delivery,Medium,Pending
TKT000546,CUST028919,ORD0037802,Wrong Item,Low,Pending
TKT000547,CUST032265,ORD0057303,Wrong Item,Medium,Closed
TKT000548,CUST041175,ORD0125224,Refund,Medium,Open
TKT000549,CUST029199,ORD0070891,Wrong Item,Low,Open
TKT000550,CUST029116,ORD0012301,Refund,High,Pending
TKT000551,CUST043243,ORD0193778,Late Delivery,Low,Open
TKT000552,CUST049302,ORD0036927,Damage,Low,Closed
TKT000553,CUST037612,ORD0123515,Damage,Low,Open
TKT000554,CUST042912,ORD0042370,Refund,High,Open
TKT000555,CUST038122,ORD0085846,Damage,High,Pending
TKT000556,CUST016384,ORD0177832,Damage,Medium,Closed
TKT000557,CUST015120,ORD0069437,Wrong Item,High,Open
TKT000558,CUST038499,ORD0066379,Damage,High,Closed
TKT000559,CUST027282,ORD0053392,Refund,Medium,Open
TKT000560,CUST044358,ORD0141882,Damage,Medium,Pending
TKT000561,CUST014087,ORD0113364,Late Delivery,Medium,Open
TKT000562,CUST002997,ORD0188061,Refund,Low,Pending
TKT000563,CUST021028,ORD0083084,Refund,Low,Pending
TKT000564,CUST044505,ORD0151501,Late Delivery,High,Closed
TKT000565,CUST019128,ORD0072678,Late Delivery,Low,Closed
TKT000566,CUST043758,ORD0046855,Damage,Low,Closed
TKT000567,CUST017705,ORD0089491,Damage,Medium,Open
TKT000568,CUST043716,ORD0112307,Wrong Item,Low,Open
TKT000569,CUST017330,ORD0052596,Damage,Low,Open
TKT000570,CUST036954,ORD0065148,Late Delivery,Low,Closed
TKT000571,CUST045606,ORD0168115,Damage,High,Open
TKT000572,CUST004513,ORD0083694,Refund,Low,Pending
TKT000573,CUST036414,ORD0109884,Refund,Low,Pending
TKT000574,CUST027888,ORD0021456,Late Delivery,Medium,Closed
TKT000575,CUST035923,ORD0187786,Late Delivery,High,Closed
TKT000576,CUST040147,ORD0114775,Refund,Low,Open
TKT000577,CUST028585,ORD0043936,Late Delivery,Low,Pending
TKT000578,CUST013244,ORD0159590,Refund,Medium,Closed
TKT000579,CUST049413,ORD0153982,Late Delivery,High,Pending
TKT000580,CUST001085,ORD0059017,Damage,Medium,Pending
TKT000581,CUST036743,ORD0183531,Late Delivery,High,Open
TKT000582,CUST013884,ORD0140740,Late Delivery,High,Closed
TKT000583,CUST045648,ORD0059388,Wrong Item,High,Closed
TKT000584,CUST022924,ORD0102072,Refund,High,Pending
TKT000585,CUST002559,ORD0077236,Damage,Low,Pending
TKT000586,CUST015056,ORD0152351,Damage,Medium,Closed
TKT000587,CUST047135,ORD0138895,Damage,High,Closed
TKT000588,CUST012679,ORD0191186,Refund,Low,Pending
TKT000589,CUST019488,ORD0004031,Damage,High,Open
TKT000590,CUST017771,ORD0176602,Refund,Low,Closed
TKT000591,CUST045319,ORD0112776,Refund,Medium,Open
TKT000592,CUST036399,ORD0083152,Wrong Item,High,Closed
TKT000593,CUST028437,ORD0081834,Late Delivery,Medium,Pending
TKT000594,CUST036398,ORD0107634,Damage,High,Pending
TKT000595,CUST040014,ORD0040737,Refund,Low,Pending
TKT000596,CUST044507,ORD0122759,Wrong Item,Medium,Closed
TKT000597,CUST041671,ORD0075784,Wrong Item,High,Pending
TKT000598,CUST001418,ORD0193115,Refund,Low,Pending
TKT000599,CUST023372,ORD0001763,Wrong Item,High,Closed
TKT000600,CUST030255,ORD0071420,Refund,Medium,Closed
TKT000601,CUST045109,ORD0079279,Damage,Low,Open
TKT000602,CUST010518,ORD0058835,Refund,Low,Closed
TKT000603,CUST043892,ORD0040701,Wrong Item,High,Closed
TKT000604,CUST040664,ORD0095580,Late Delivery,High,Closed
TKT000605,CUST025761,ORD0090192,Late Delivery,High,Closed
TKT000606,CUST038535,ORD0082394,Damage,High,Closed
TKT000607,CUST046769,ORD0065927,Wrong Item,Medium,Open
TKT000608,CUST047836,ORD0084558,Refund,High,Pending
TKT000609,CUST042927,ORD0031574,Wrong Item,Low,Open
TKT000610,CUST048555,ORD0175306,Damage,Medium,Open
TKT000611,CUST035961,ORD0147821,Wrong Item,Medium,Pending
TKT000612,CUST013261,ORD0076720,Refund,High,Closed
TKT000613,CUST024955,ORD0172441,Wrong Item,Low,Pending
TKT000614,CUST014321,ORD0176564,Refund,High,Closed
TKT000615,CUST017145,ORD0096026,Wrong Item,Low,Closed
TKT000616,CUST039340,ORD0140396,Damage,Low,Closed
TKT000617,CUST009510,ORD0177619,Late Delivery,Medium,Open
TKT000618,CUST040855,ORD0138989,Wrong Item,Medium,Closed
TKT000619,CUST017863,ORD0119779,Damage,Low,Open
TKT000620,CUST044996,ORD0045314,Late Delivery,Medium,Pending
TKT000621,CUST012839,ORD0070654,Refund,High,Pending
TKT000622,CUST026014,ORD0065845,Damage,High,Pending
TKT000623,CUST039034,ORD0056352,Refund,High,Pending
TKT000624,CUST043053,ORD0033966,Late Delivery,Medium,Open
TKT000625,CUST047015,ORD0199728,Wrong Item,Low,Open
TKT000626,CUST039213,ORD0126943,Late Delivery,Low,Open
TKT000627,CUST022702,ORD0077323,Damage,High,Pending
TKT000628,CUST028286,ORD0173535,Refund,High,Closed
TKT000629,CUST024253,ORD0091854,Damage,Medium,Open
TKT000630,CUST045620,ORD0166210,Late Delivery,Low,Closed
TKT000631,CUST007451,ORD0030304,Refund,High,Closed
TKT000632,CUST013168,ORD0051745,Refund,High,Closed
TKT000633,CUST044911,ORD0189397,Wrong Item,High,Closed
TKT000634,CUST032787,ORD0039603,Refund,Low,Pending
TKT000635,CUST006435,ORD0067387,Late Delivery,High,Pending
TKT000636,CUST003940,ORD0190280,Refund,High,Closed
TKT000637,CUST009884,ORD0065064,Late Delivery,High,Closed
TKT000638,CUST007696,ORD0015201,Wrong Item,Medium,Pending
TKT000639,CUST029522,ORD0174582,Refund,High,Open
TKT000640,CUST039534,ORD0076030,Late Delivery,Medium,Pending
TKT000641,CUST039561,ORD0003567,Late Delivery,Low,Open
TKT000642,CUST018790,ORD0156352,Refund,Medium,Open
TKT000643,CUST003633,ORD0182683,Damage,Low,Open
TKT000644,CUST044493,ORD0007899,Late Delivery,Low,Closed
TKT000645,CUST045121,ORD0021495,Wrong Item,Low,Pending
TKT000646,CUST043794,ORD0064577,Damage,High,Open
TKT000647,CUST026692,ORD0016458,Late Delivery,Low,Open
TKT000648,CUST046521,ORD0163658,Refund,High,Pending
TKT000649,CUST018753,ORD0098879,Late Delivery,Low,Pending
TKT000650,CUST016705,ORD0030990,Refund,Low,Pending
TKT000651,CUST010706,ORD0010501,Damage,Low,Closed
TKT000652,CUST014794,ORD0192987,Refund,Medium,Pending
TKT000653,CUST047399,ORD0188545,Refund,High,Pending
TKT000654,CUST046031,ORD0137977,Wrong Item,High,Pending
TKT000655,CUST025077,ORD0094535,Wrong Item,Medium,Closed
TKT000656,CUST012927,ORD0009922,Damage,High,Closed
TKT000657,CUST040359,ORD0010892,Refund,Low,Open
TKT000658,CUST031120,ORD0031797,Late Delivery,Medium,Closed
TKT000659,CUST046462,ORD0133119,Late Delivery,Medium,Pending
TKT000660,CUST041375,ORD0125870,Wrong Item,High,Closed
TKT000661,CUST015130,ORD0085489,Late Delivery,High,Pending
TKT000662,CUST035074,ORD0132343,Refund,High,Open
TKT000663,CUST029739,ORD0034120,Refund,Medium,Pending
TKT000664,CUST048045,ORD0015011,Late Delivery,Low,Pending
TKT000665,CUST045072,ORD0011517,Damage,Low,Closed
TKT000666,CUST012340,ORD0081010,Damage,Low,Open
TKT000667,CUST027570,ORD0010672,Wrong Item,High,Closed
TKT000668,CUST011595,ORD0092827,Wrong Item,High,Closed
TKT000669,CUST027132,ORD0117252,Refund,Low,Open
TKT000670,CUST009473,ORD0151002,Damage,High,Closed
TKT000671,CUST033090,ORD0045850,Refund,Low,Open
TKT000672,CUST034530,ORD0077170,Wrong Item,Low,Open
TKT000673,CUST002498,ORD0148935,Damage,Low,Pending
TKT000674,CUST038922,ORD0158509,Late Delivery,High,Open
TKT000675,CUST019641,ORD0047651,Wrong Item,Low,Open
TKT000676,CUST045385,ORD0180149,Wrong Item,Low,Open
TKT000677,CUST048022,ORD0034112,Damage,High,Open
TKT000678,CUST034504,ORD0091828,Wrong Item,High,Open
TKT000679,CUST020042,ORD0044459,Wrong Item,Medium,Open
TKT000680,CUST030972,ORD0183266,Refund,Medium,Closed
TKT000681,CUST037905,ORD0036567,Wrong Item,Medium,Closed
TKT000682,CUST006048,ORD0040035,Damage,Medium,Open
TKT000683,CUST042405,ORD0184446,Damage,Low,Open
TKT000684,CUST041560,ORD0101594,Refund,Low,Closed
TKT000685,CUST018330,ORD0012475,Late Delivery,Low,Closed
TKT000686,CUST016769,ORD0089284,Refund,High,Closed
TKT000687,CUST004447,ORD0088251,Refund,Medium,Open
TKT000688,CUST032923,ORD0187746,Late Delivery,High,Open
TKT000689,CUST022321,ORD0153854,Wrong Item,High,Open
TKT000690,CUST049983,ORD0056287,Wrong Item,Medium,Pending
TKT000691,CUST009144,ORD0127968,Refund,Medium,Open
TKT000692,CUST009549,ORD0038414,Late Delivery,High,Closed
TKT000693,CUST046721,ORD0021271,Refund,High,Pending
TKT000694,CUST007538,ORD0067805,Late Delivery,Low,Closed
TKT000695,CUST042035,ORD0121339,Wrong Item,Low,Open
TKT000696,CUST041626,ORD0170781,Late Delivery,Medium,Pending
TKT000697,CUST012149,ORD0110237,Wrong Item,High,Closed
TKT000698,CUST005714,ORD0106791,Late Delivery,Low,Closed
TKT000699,CUST011916,ORD0136977,Damage,Medium,Closed
TKT000700,CUST046773,ORD0070350,Late Delivery,High,Closed
TKT000701,CUST041515,ORD0140136,Wrong Item,High,Closed
TKT000702,CUST043097,ORD0041169,Wrong Item,High,Closed
TKT000703,CUST001675,ORD0034254,Wrong Item,High,Pending
TKT000704,CUST042521,ORD0161329,Wrong Item,Medium,Pending
TKT000705,CUST014606,ORD0120703,Damage,Medium,Closed
TKT000706,CUST009225,ORD0196613,Late Delivery,High,Pending
TKT000707,CUST043046,ORD0071250,Wrong Item,Low,Pending
TKT000708,CUST018986,ORD0033091,Damage,High,Pending
TKT000709,CUST009675,ORD0074690,Late Delivery,High,Closed
TKT000710,CUST047418,ORD0102533,Damage,Low,Closed
TKT000711,CUST018841,ORD0109356,Wrong Item,Medium,Closed
TKT000712,CUST024043,ORD0109635,Damage,Low,Pending
TKT000713,CUST038192,ORD0062145,Late Delivery,Low,Pending
TKT000714,CUST020833,ORD0099107,Late Delivery,Medium,Pending
TKT000715,CUST032081,ORD0198412,Late Delivery,Medium,Closed
TKT000716,CUST043575,ORD0124989,Wrong Item,Low,Pending
TKT000717,CUST009158,ORD0144876,Late Delivery,Medium,Pending
TKT000718,CUST045757,ORD0022895,Wrong Item,High,Open
TKT000719,CUST038499,ORD0119010,Late Delivery,Low,Closed
TKT000720,CUST037490,ORD0174684,Damage,High,Open
TKT000721,CUST033280,ORD0110766,Damage,Medium,Pending
TKT000722,CUST037734,ORD0132249,Late Delivery,Low,Pending
TKT000723,CUST039892,ORD0189462,Damage,High,Closed
TKT000724,CUST021482,ORD0044698,Refund,High,Closed
TKT000725,CUST016020,ORD0142939,Wrong Item,Medium,Closed
TKT000726,CUST023422,ORD0112186,Refund,High,Pending
TKT000727,CUST029924,ORD0180390,Damage,High,Pending
TKT000728,CUST023509,ORD0079505,Refund,Low,Closed
TKT000729,CUST049609,ORD0018451,Late Delivery,Low,Pending
TKT000730,CUST000193,ORD0138468,Damage,Medium,Pending
TKT000731,CUST047794,ORD0072932,Damage,Low,Closed
TKT000732,CUST048259,ORD0005046,Wrong Item,High,Pending
TKT000733,CUST002435,ORD0133001,Wrong Item,High,Open
TKT000734,CUST042622,ORD0146708,Damage,Low,Closed
TKT000735,CUST013946,ORD0081162,Late Delivery,Medium,Pending
TKT000736,CUST005277,ORD0138437,Damage,Low,Open
TKT000737,CUST028819,ORD0128300,Wrong Item,Medium,Pending
TKT000738,CUST007680,ORD0122009,Late Delivery,Low,Pending
TKT000739,CUST034577,ORD0068824,Refund,High,Pending
TKT000740,CUST041987,ORD0065588,Late Delivery,Medium,Closed
TKT000741,CUST039515,ORD0138654,Late Delivery,High,Closed
TKT000742,CUST012503,ORD0024141,Damage,Medium,Open
TKT000743,CUST008074,ORD0130970,Damage,Medium,Pending
TKT000744,CUST024009,ORD0007861,Damage,Medium,Pending
TKT000745,CUST038978,ORD0011393,Late Delivery,Low,Pending
TKT000746,CUST044649,ORD0060668,Late Delivery,Low,Closed
TKT000747,CUST020179,ORD0068618,Late Delivery,Medium,Pending
TKT000748,CUST011703,ORD0153859,Wrong Item,High,Pending
TKT000749,CUST015193,ORD0091313,Late Delivery,Low,Open
TKT000750,CUST005797,ORD0087443,Damage,High,Open
TKT000751,CUST018376,ORD0164936,Refund,High,Closed
TKT000752,CUST018762,ORD0120379,Damage,Medium,Pending
TKT000753,CUST046540,ORD0135631,Damage,Low,Pending
TKT000754,CUST028984,ORD0099609,Late Delivery,High,Open
TKT000755,CUST017251,ORD0199320,Wrong Item,Medium,Pending
TKT000756,CUST015240,ORD0020436,Refund,Medium,Open
TKT000757,CUST025556,ORD0033198,Wrong Item,Medium,Closed
TKT000758,CUST027486,ORD0078032,Damage,Medium,Pending
TKT000759,CUST047389,ORD0156090,Wrong Item,Low,Open
TKT000760,CUST033294,ORD0094465,Damage,Medium,Closed
TKT000761,CUST015475,ORD0124266,Late Delivery,High,Closed
TKT000762,CUST002313,ORD0044112,Refund,Medium,Pending
TKT000763,CUST002884,ORD0034414,Refund,Medium,Closed
TKT000764,CUST019377,ORD0056229,Late Delivery,High,Closed
TKT000765,CUST040984,ORD0174894,Refund,Medium,Closed
TKT000766,CUST017942,ORD0197227,Damage,Low,Pending
TKT000767,CUST019470,ORD0012703,Late Delivery,Medium,Open
TKT000768,CUST000636,ORD0167295,Late Delivery,Medium,Closed
TKT000769,CUST034104,ORD0081984,Late Delivery,Low,Open
TKT000770,CUST033658,ORD0062893,Wrong Item,Low,Open
TKT000771,CUST025649,ORD0008169,Damage,Low,Pending
TKT000772,CUST036499,ORD0133316,Damage,Low,Pending
TKT000773,CUST026229,ORD0058052,Wrong Item,Low,Open
TKT000774,CUST021529,ORD0164188,Damage,Medium,Pending
TKT000775,CUST013138,ORD0092582,Damage,Medium,Pending
TKT000776,CUST040113,ORD0113266,Damage,Medium,Open
TKT000777,CUST003632,ORD0061591,Wrong Item,Medium,Pending
TKT000778,CUST022626,ORD0096035,Refund,Low,Open
TKT000779,CUST041591,ORD0055892,Late Delivery,Medium,Pending
TKT000780,CUST017698,ORD0163499,Damage,High,Pending
TKT000781,CUST032016,ORD0096334,Late Delivery,Medium,Open
TKT000782,CUST021738,ORD0171013,Wrong Item,Low,Closed
TKT000783,CUST016347,ORD0105616,Wrong Item,Low,Open
TKT000784,CUST039308,ORD0179658,Damage,Medium,Open
TKT000785,CUST043737,ORD0112118,Refund,High,Closed
TKT000786,CUST033355,ORD0133207,Wrong Item,Low,Pending
TKT000787,CUST006136,ORD0024578,Wrong Item,High,Closed
TKT000788,CUST004993,ORD0131111,Damage,Low,Pending
TKT000789,CUST017803,ORD0101793,Damage,High,Closed
TKT000790,CUST004279,ORD0085135,Refund,Low,Closed
TKT000791,CUST011150,ORD0067187,Damage,High,Closed
TKT000792,CUST013105,ORD0121009,Damage,Low,Closed
TKT000793,CUST036799,ORD0126178,Damage,Medium,Closed
TKT000794,CUST040827,ORD0030281,Refund,High,Open
TKT000795,CUST035865,ORD0045710,Late Delivery,Low,Open
TKT000796,CUST017290,ORD0130913,Late Delivery,Low,Closed
TKT000797,CUST022820,ORD0158930,Damage,Low,Open
TKT000798,CUST018061,ORD0024783,Wrong Item,Low,Open
TKT000799,CUST002763,ORD0028763,Damage,High,Closed
TKT000800,CUST016526,ORD0083320,Late Delivery,High,Pending
TKT000801,CUST022906,ORD0135685,Late Delivery,Low,Pending
TKT000802,CUST033738,ORD0027788,Damage,Medium,Closed
TKT000803,CUST040479,ORD0169902,Late Delivery,High,Closed
TKT000804,CUST032472,ORD0032316,Damage,High,Pending
TKT000805,CUST033505,ORD0153332,Damage,High,Open
TKT000806,CUST009300,ORD0068385,Wrong Item,Low,Closed
TKT000807,CUST012479,ORD0054147,Damage,High,Pending
TKT000808,CUST026059,ORD0048553,Late Delivery,Medium,Pending
TKT000809,CUST018816,ORD0100847,Late Delivery,High,Open
TKT000810,CUST032263,ORD0038709,Damage,Low,Open
TKT000811,CUST021579,ORD0097536,Wrong Item,Low,Closed
TKT000812,CUST038475,ORD0192000,Refund,Low,Open
TKT000813,CUST021318,ORD0115289,Refund,High,Closed
TKT000814,CUST044444,ORD0176117,Refund,High,Closed
TKT000815,CUST047683,ORD0096684,Damage,Low,Open
TKT000816,CUST028692,ORD0187245,Wrong Item,Medium,Closed
TKT000817,CUST021775,ORD0095127,Wrong Item,High,Pending
TKT000818,CUST034390,ORD0071206,Wrong Item,Medium,Pending
TKT000819,CUST004346,ORD0084812,Damage,High,Pending
TKT000820,CUST023165,ORD0162295,Late Delivery,Medium,Closed
TKT000821,CUST034166,ORD0035913,Wrong Item,Low,Pending
TKT000822,CUST010456,ORD0103525,Refund,High,Pending
TKT000823,CUST008721,ORD0173694,Refund,High,Closed
TKT000824,CUST041262,ORD0155196,Late Delivery,High,Open
TKT000825,CUST048232,ORD0147635,Wrong Item,High,Open
TKT000826,CUST036166,ORD0015492,Refund,High,Open
TKT000827,CUST030465,ORD0078198,Refund,Low,Open
TKT000828,CUST037240,ORD0113157,Late Delivery,Medium,Pending
TKT000829,CUST033140,ORD0124712,Wrong Item,Medium,Open
TKT000830,CUST028127,ORD0153104,Late Delivery,Medium,Open
TKT000831,CUST011598,ORD0048773,Late Delivery,Low,Closed
TKT000832,CUST022338,ORD0085038,Late Delivery,High,Pending
TKT000833,CUST036326,ORD0039959,Damage,Low,Open
TKT000834,CUST046169,ORD0186794,Damage,Medium,Closed
TKT000835,CUST048631,ORD0150689,Damage,High,Closed
TKT000836,CUST031626,ORD0169637,Late Delivery,Low,Pending
TKT000837,CUST011598,ORD0161356,Late Delivery,Low,Open
TKT000838,CUST032161,ORD0023330,Late Delivery,Medium,Pending
TKT000839,CUST003923,ORD0182033,Refund,Low,Closed
TKT000840,CUST033071,ORD0084989,Wrong Item,High,Pending
TKT000841,CUST013150,ORD0119007,Wrong Item,Low,Open
TKT000842,CUST013151,ORD0153026,Wrong Item,Low,Closed
TKT000843,CUST003772,ORD0186983,Damage,Low,Closed
TKT000844,CUST008757,ORD0081928,Damage,Medium,Closed
TKT000845,CUST027159,ORD0017447,Refund,High,Open
TKT000846,CUST046324,ORD0089514,Wrong Item,Low,Open
TKT000847,CUST007561,ORD0161914,Late Delivery,Low,Open
TKT000848,CUST031401,ORD0185979,Wrong Item,Medium,Open
TKT000849,CUST049910,ORD0057342,Damage,High,Pending
TKT000850,CUST040706,ORD0053360,Late Delivery,High,Pending
TKT000851,CUST036621,ORD0096643,Refund,Low,Pending
TKT000852,CUST020088,ORD0097199,Late Delivery,Medium,Closed
TKT000853,CUST030563,ORD0184277,Damage,Low,Closed
TKT000854,CUST035662,ORD0191237,Wrong Item,High,Open
TKT000855,CUST049136,ORD0014245,Damage,Low,Open
TKT000856,CUST046235,ORD0133808,Damage,Medium,Closed
TKT000857,CUST033457,ORD0010730,Late Delivery,Low,Open
TKT000858,CUST026363,ORD0009782,Refund,Medium,Open
TKT000859,CUST015836,ORD0127289,Wrong Item,Medium,Pending
TKT000860,CUST005166,ORD0038768,Wrong Item,Medium,Open
TKT000861,CUST036650,ORD0049461,Damage,Medium,Open
TKT000862,CUST026254,ORD0070281,Late Delivery,Low,Open
TKT000863,CUST031136,ORD0127572,Damage,High,Open
TKT000864,CUST023786,ORD0178320,Wrong Item,Low,Open
TKT000865,CUST038425,ORD0026174,Wrong Item,High,Pending
TKT000866,CUST013780,ORD0169204,Wrong Item,High,Closed
TKT000867,CUST048067,ORD0062813,Damage,High,Pending
TKT000868,CUST011967,ORD0127111,Late Delivery,High,Closed
TKT000869,CUST046835,ORD0125897,Refund,High,Closed
TKT000870,CUST011779,ORD0174692,Wrong Item,Medium,Closed
TKT000871,CUST044413,ORD0068573,Late Delivery,Low,Closed
TKT000872,CUST043544,ORD0053501,Refund,Low,Open
TKT000873,CUST028847,ORD0039903,Damage,High,Open
TKT000874,CUST039259,ORD0174869,Late Delivery,High,Open
TKT000875,CUST027435,ORD0023475,Damage,Low,Pending
TKT000876,CUST038642,ORD0061563,Wrong Item,Medium,Pending
TKT000877,CUST041079,ORD0127252,Damage,High,Closed
TKT000878,CUST035306,ORD0172238,Late Delivery,High,Pending
TKT000879,CUST026318,ORD0150032,Wrong Item,Medium,Open
TKT000880,CUST012365,ORD0187243,Refund,Medium,Open
TKT000881,CUST004482,ORD0031684,Damage,High,Closed
TKT000882,CUST045842,ORD0044960,Late Delivery,High,Pending
TKT000883,CUST040014,ORD0075021,Late Delivery,Low,Pending
TKT000884,CUST029648,ORD0119406,Wrong Item,Medium,Pending
TKT000885,CUST043875,ORD0052576,Refund,Low,Closed
TKT000886,CUST032951,ORD0098976,Refund,Medium,Pending
TKT000887,CUST000126,ORD0160736,Wrong Item,High,Open
TKT000888,CUST039300,ORD0006278,Wrong Item,High,Pending
TKT000889,CUST030452,ORD0009111,Refund,Low,Open
TKT000890,CUST023954,ORD0118750,Refund,Medium,Pending
TKT000891,CUST044500,ORD0105237,Wrong Item,Medium,Pending
TKT000892,CUST048368,ORD0026676,Wrong Item,High,Pending
TKT000893,CUST034147,ORD0079328,Damage,Low,Open
TKT000894,CUST027555,ORD0106073,Wrong Item,Medium,Open
TKT000895,CUST049471,ORD0168418,Late Delivery,High,Closed
TKT000896,CUST010240,ORD0178070,Refund,Low,Pending
TKT000897,CUST045572,ORD0038831,Late Delivery,High,Open
TKT000898,CUST048496,ORD0019756,Damage,High,Open
TKT000899,CUST006090,ORD0095391,Late Delivery,High,Closed
TKT000900,CUST026479,ORD0098869,Wrong Item,Medium,Pending
TKT000901,CUST010057,ORD0132788,Late Delivery,Low,Open
TKT000902,CUST000567,ORD0161624,Late Delivery,Low,Open
TKT000903,CUST011895,ORD0071346,Refund,High,Open
TKT000904,CUST042653,ORD0180318,Late Delivery,Medium,Closed
TKT000905,CUST049768,ORD0100865,Damage,Low,Open
TKT000906,CUST022584,ORD0145313,Wrong Item,Low,Open
TKT000907,CUST026212,ORD0033157,Damage,Low,Closed
TKT000908,CUST000467,ORD0053289,Late Delivery,High,Pending
TKT000909,CUST033257,ORD0163389,Wrong Item,High,Open
TKT000910,CUST044304,ORD0130472,Refund,High,Closed
TKT000911,CUST035944,ORD0151635,Refund,Medium,Open
TKT000912,CUST014069,ORD0182943,Late Delivery,Medium,Closed
TKT000913,CUST011079,ORD0011750,Damage,High,Open
TKT000914,CUST011863,ORD0141545,Damage,High,Pending
TKT000915,CUST017203,ORD0006389,Late Delivery,High,Pending
TKT000916,CUST002903,ORD0016226,Wrong Item,Low,Open
TKT000917,CUST028798,ORD0130904,Refund,Low,Closed
TKT000918,CUST032043,ORD0147379,Wrong Item,Low,Closed
TKT000919,CUST008904,ORD0068796,Wrong Item,Medium,Open
TKT000920,CUST017809,ORD0024638,Refund,Medium,Closed
TKT000921,CUST034626,ORD0084131,Wrong Item,Medium,Open
TKT000922,CUST016594,ORD0008582,Refund,High,Pending
TKT000923,CUST035529,ORD0150418,Refund,Medium,Closed
TKT000924,CUST033316,ORD0110692,Late Delivery,Medium,Closed
TKT000925,CUST013099,ORD0074099,Refund,High,Pending
TKT000926,CUST027003,ORD0002826,Damage,Medium,Closed
TKT000927,CUST046071,ORD0024802,Damage,High,Pending
TKT000928,CUST023722,ORD0096978,Damage,Medium,Closed
TKT000929,CUST027404,ORD0074985,Late Delivery,Low,Pending
TKT000930,CUST029377,ORD0104174,Damage,Low,Pending
TKT000931,CUST004034,ORD0043626,Damage,High,Open
TKT000932,CUST027659,ORD0033453,Damage,Medium,Pending
TKT000933,CUST023695,ORD0007102,Wrong Item,Medium,Pending
TKT000934,CUST013907,ORD0098458,Refund,Low,Pending
TKT000935,CUST009350,ORD0139642,Wrong Item,Low,Open
TKT000936,CUST015674,ORD0011035,Refund,Medium,Open
TKT000937,CUST027721,ORD0003282,Late Delivery,Medium,Open
TKT000938,CUST033563,ORD0053311,Damage,Medium,Pending
TKT000939,CUST010748,ORD0085930,Wrong Item,High,Closed
TKT000940,CUST008022,ORD0061388,Late Delivery,Low,Pending
TKT000941,CUST014111,ORD0106115,Late Delivery,Medium,Pending
TKT000942,CUST025378,ORD0091196,Wrong Item,High,Closed
TKT000943,CUST035793,ORD0070933,Wrong Item,Medium,Closed
TKT000944,CUST030649,ORD0071944,Damage,Low,Pending
TKT000945,CUST006709,ORD0024911,Refund,Low,Pending
TKT000946,CUST035282,ORD0110886,Refund,Medium,Pending
TKT000947,CUST011932,ORD0004183,Late Delivery,Medium,Pending
TKT000948,CUST015726,ORD0134621,Late Delivery,High,Pending
TKT000949,CUST042988,ORD0192785,Damage,Medium,Pending
TKT000950,CUST039153,ORD0162195,Damage,Medium,Open
TKT000951,CUST004272,ORD0082895,Late Delivery,Low,Pending
TKT000952,CUST008067,ORD0036040,Refund,High,Open
TKT000953,CUST019789,ORD0005300,Wrong Item,Low,Open
TKT000954,CUST001046,ORD0186257,Late Delivery,Medium,Closed
TKT000955,CUST001717,ORD0185457,Late Delivery,Low,Open
TKT000956,CUST046145,ORD0035189,Wrong Item,Medium,Closed
TKT000957,CUST030713,ORD0183982,Refund,Medium,Open
TKT000958,CUST032987,ORD0006020,Refund,Medium,Pending
TKT000959,CUST014127,ORD0010895,Late Delivery,High,Open
TKT000960,CUST002546,ORD0015994,Wrong Item,Low,Closed
TKT000961,CUST016256,ORD0071737,Refund,High,Open
TKT000962,CUST025297,ORD0159769,Refund,Low,Open
TKT000963,CUST018368,ORD0020500,Wrong Item,High,Pending
TKT000964,CUST016018,ORD0077754,Damage,Low,Pending
TKT000965,CUST044436,ORD0149901,Refund,Low,Pending
TKT000966,CUST006101,ORD0115534,Wrong Item,High,Closed
TKT000967,CUST045473,ORD0145430,Late Delivery,High,Pending
TKT000968,CUST034012,ORD0131085,Refund,High,Open
TKT000969,CUST016393,ORD0051599,Refund,Medium,Pending
TKT000970,CUST003507,ORD0030873,Late Delivery,Low,Closed
TKT000971,CUST013748,ORD0012545,Refund,High,Open
TKT000972,CUST039077,ORD0141777,Late Delivery,Medium,Pending
TKT000973,CUST026497,ORD0026989,Late Delivery,Low,Closed
TKT000974,CUST031132,ORD0150212,Wrong Item,Medium,Closed
TKT000975,CUST046600,ORD0175413,Late Delivery,Medium,Open
TKT000976,CUST007099,ORD0113577,Refund,Low,Closed
TKT000977,CUST017777,ORD0147128,Late Delivery,High,Closed
TKT000978,CUST029113,ORD0076529,Late Delivery,Medium,Closed
TKT000979,CUST041303,ORD0073937,Late Delivery,Medium,Closed
TKT000980,CUST004998,ORD0176755,Refund,High,Closed
TKT000981,CUST027791,ORD0101947,Damage,High,Pending
TKT000982,CUST041545,ORD0090120,Damage,High,Pending
TKT000983,CUST014513,ORD0079801,Refund,Low,Pending
TKT000984,CUST043213,ORD0056333,Wrong Item,High,Open
TKT000985,CUST016096,ORD0194182,Late Delivery,Low,Open
TKT000986,CUST024738,ORD0048515,Wrong Item,Medium,Closed
TKT000987,CUST030814,ORD0092262,Damage,Low,Open
TKT000988,CUST012478,ORD0013885,Damage,Low,Open
TKT000989,CUST037572,ORD0151405,Refund,High,Closed
TKT000990,CUST016980,ORD0145229,Wrong Item,High,Closed
TKT000991,CUST039380,ORD0116291,Wrong Item,Low,Open
TKT000992,CUST016387,ORD0109876,Late Delivery,Medium,Open
TKT000993,CUST025950,ORD0073273,Late Delivery,Medium,Open
TKT000994,CUST029013,ORD0145091,Wrong Item,Medium,Open
TKT000995,CUST023534,ORD0012180,Late Delivery,High,Closed
TKT000996,CUST019925,ORD0062527,Damage,High,Closed
TKT000997,CUST041966,ORD0055240,Damage,Medium,Pending
TKT000998,CUST009735,ORD0003728,Late Delivery,Low,Open
TKT000999,CUST016535,ORD0105360,Refund,Low,Closed
TKT001000,CUST005345,ORD0025154,Damage,Medium,Open
TKT001001,CUST028333,ORD0113986,Refund,Low,Closed
TKT001002,CUST046856,ORD0051958,Refund,Low,Closed
TKT001003,CUST048266,ORD0134159,Wrong Item,Low,Pending
TKT001004,CUST014692,ORD0107718,Refund,Medium,Open
TKT001005,CUST002328,ORD0095785,Late Delivery,Medium,Open
TKT001006,CUST025029,ORD0192634,Wrong Item,Low,Open
TKT001007,CUST032151,ORD0000205,Wrong Item,Low,Pending
TKT001008,CUST012353,ORD0059232,Refund,Low,Closed
TKT001009,CUST048654,ORD0169276,Refund,Medium,Closed
TKT001010,CUST022431,ORD0091129,Late Delivery,High,Pending
TKT001011,CUST037896,ORD0022499,Wrong Item,Low,Closed
TKT001012,CUST035312,ORD0059624,Refund,Low,Closed
TKT001013,CUST042642,ORD0145650,Damage,Low,Open
TKT001014,CUST035323,ORD0023361,Refund,High,Open
TKT001015,CUST000169,ORD0072641,Damage,Low,Open
TKT001016,CUST006383,ORD0135263,Wrong Item,Low,Closed
TKT001017,CUST002824,ORD0103170,Damage,High,Open
TKT001018,CUST042778,ORD0159402,Wrong Item,High,Pending
TKT001019,CUST006553,ORD0070193,Wrong Item,Medium,Closed
TKT001020,CUST028030,ORD0127072,Late Delivery,High,Closed
TKT001021,CUST034586,ORD0190870,Late Delivery,High,Closed
TKT001022,CUST037064,ORD0098714,Refund,High,Closed
TKT001023,CUST010741,ORD0097640,Wrong Item,Low,Closed
TKT001024,CUST002948,ORD0038968,Damage,Medium,Closed
TKT001025,CUST043917,ORD0120278,Refund,High,Closed
TKT001026,CUST013154,ORD0066748,Damage,Low,Closed
TKT001027,CUST004316,ORD0039274,Wrong Item,High,Closed
TKT001028,CUST017595,ORD0067278,Late Delivery,Low,Pending
TKT001029,CUST006699,ORD0040030,Wrong Item,Medium,Pending
TKT001030,CUST011750,ORD0131357,Late Delivery,High,Pending
TKT001031,CUST038695,ORD0133730,Damage,High,Closed
TKT001032,CUST029820,ORD0092753,Damage,High,Pending
TKT001033,CUST003913,ORD0023765,Refund,Low,Pending
TKT001034,CUST043195,ORD0110122,Wrong Item,Low,Closed
TKT001035,CUST044708,ORD0160185,Late Delivery,Low,Closed
TKT001036,CUST010952,ORD0008006,Damage,High,Closed
TKT001037,CUST003954,ORD0066541,Wrong Item,Medium,Open
TKT001038,CUST049999,ORD0197040,Late Delivery,Medium,Closed
TKT001039,CUST018125,ORD0186295,Damage,Low,Open
TKT001040,CUST023911,ORD0184399,Refund,High,Closed
TKT001041,CUST049892,ORD0109584,Refund,Medium,Closed
TKT001042,CUST005926,ORD0059601,Damage,Low,Closed
TKT001043,CUST030020,ORD0027450,Refund,Low,Open
TKT001044,CUST028731,ORD0027390,Refund,Medium,Open
TKT001045,CUST031510,ORD0094994,Wrong Item,High,Closed
TKT001046,CUST006801,ORD0055560,Damage,Low,Open
TKT001047,CUST014772,ORD0180869,Late Delivery,High,Pending
TKT001048,CUST016012,ORD0174328,Wrong Item,High,Pending
TKT001049,CUST027209,ORD0141057,Refund,Low,Pending
TKT001050,CUST009125,ORD0139780,Wrong Item,Low,Open
TKT001051,CUST031116,ORD0132252,Refund,Medium,Closed
TKT001052,CUST010022,ORD0103723,Late Delivery,Low,Closed
TKT001053,CUST004197,ORD0095192,Damage,High,Closed
TKT001054,CUST020332,ORD0170389,Wrong Item,High,Closed
TKT001055,CUST003525,ORD0074635,Wrong Item,High,Pending
TKT001056,CUST015891,ORD0132547,Late Delivery,Medium,Closed
TKT001057,CUST030075,ORD0106054,Refund,Medium,Pending
TKT001058,CUST032220,ORD0027028,Wrong Item,Medium,Open
TKT001059,CUST025114,ORD0028140,Refund,Medium,Closed
TKT001060,CUST047348,ORD0033747,Late Delivery,High,Closed
TKT001061,CUST012325,ORD0091337,Refund,Medium,Pending
TKT001062,CUST028932,ORD0065091,Late Delivery,Low,Closed
TKT001063,CUST018697,ORD0004325,Wrong Item,Medium,Closed
TKT001064,CUST031000,ORD0154695,Damage,High,Open
TKT001065,CUST000031,ORD0188043,Late Delivery,Low,Open
TKT001066,CUST046718,ORD0182117,Late Delivery,Low,Closed
TKT001067,CUST028928,ORD0064276,Damage,High,Open
TKT001068,CUST034793,ORD0095323,Wrong Item,Low,Closed
TKT001069,CUST031557,ORD0164518,Wrong Item,Medium,Closed
TKT001070,CUST015645,ORD0025312,Wrong Item,High,Pending
TKT001071,CUST010680,ORD0174683,Wrong Item,High,Pending
TKT001072,CUST008308,ORD0100705,Refund,Medium,Open
TKT001073,CUST042789,ORD0035046,Late Delivery,Low,Closed
TKT001074,CUST017101,ORD0099480,Damage,Low,Pending
TKT001075,CUST042109,ORD0152434,Damage,Low,Closed
TKT001076,CUST027579,ORD0042634,Late Delivery,Medium,Pending
TKT001077,CUST025787,ORD0169923,Refund,Medium,Closed
TKT001078,CUST008764,ORD0117452,Wrong Item,Low,Open
TKT001079,CUST010979,ORD0113115,Damage,Low,Open
TKT001080,CUST015275,ORD0187446,Late Delivery,High,Closed
TKT001081,CUST033117,ORD0006426,Late Delivery,Medium,Open
TKT001082,CUST034525,ORD0138642,Wrong Item,Low,Closed
TKT001083,CUST005990,ORD0160491,Refund,Low,Closed
TKT001084,CUST048169,ORD0126955,Late Delivery,Low,Pending
